Cell	Group	ExpLibSize
Cell1	Group1	78762.4539380512
Cell2	Group1	53479.8574495122
Cell3	Group1	64384.3379040931
Cell4	Group1	67953.0647101187
Cell5	Group1	64916.2764903244
Cell6	Group1	58616.7104854365
Cell7	Group1	81008.097637227
Cell8	Group1	58751.2784321793
Cell9	Group1	89651.4580563385
Cell10	Group1	59127.8412843886
Cell11	Group1	77728.2408827719
Cell12	Group1	94592.0845342976
Cell13	Group1	45352.8301203281
Cell14	Group1	56627.0602730538
Cell15	Group1	58298.7384239606
Cell16	Group1	67995.0426717006
Cell17	Group1	56565.2102726453
Cell18	Group1	35196.7460594054
Cell19	Group1	36750.4817825718
Cell20	Group1	77965.5755496601
Cell21	Group1	56312.5262885739
Cell22	Group1	41929.2231717295
Cell23	Group1	57850.4510134468
Cell24	Group1	76338.672728823
Cell25	Group1	87468.9097666398
Cell26	Group1	54935.0124451838
Cell27	Group1	56871.3013793669
Cell28	Group1	42081.6636888081
Cell29	Group1	65645.1808914828
Cell30	Group1	52680.5198988914
Cell31	Group1	65584.1955654917
Cell32	Group1	68938.319771702
Cell33	Group1	73645.675583322
Cell34	Group1	53008.8799601875
Cell35	Group1	66236.769924931
Cell36	Group1	42471.912929169
Cell37	Group1	51180.209255504
Cell38	Group1	50504.538431935
Cell39	Group1	36943.9977248555
Cell40	Group1	60308.2700284467
Cell41	Group1	62392.4603941208
Cell42	Group1	55702.9585492515
Cell43	Group1	69677.4940466128
Cell44	Group1	51774.8109346598
Cell45	Group1	45539.8839413855
Cell46	Group1	65288.0048331837
Cell47	Group1	50905.2512280638
Cell48	Group1	79923.1040749027
Cell49	Group1	54924.2784124218
Cell50	Group1	68263.4372655794
Cell51	Group1	63855.9505596564
Cell52	Group1	51186.5566859509
Cell53	Group1	82055.0386351683
Cell54	Group1	68089.6066224949
Cell55	Group1	60958.7161324845
Cell56	Group1	63279.0854218296
Cell57	Group1	68586.9637743094
Cell58	Group1	60959.5968701273
Cell59	Group1	32905.0685240492
Cell60	Group1	63384.6242125755
Cell61	Group1	55634.1817742832
Cell62	Group1	62133.8440967585
Cell63	Group1	67262.9433740296
Cell64	Group1	79217.0922264361
Cell65	Group1	51768.7305224532
Cell66	Group1	77692.0742313856
Cell67	Group1	64034.0097761951
Cell68	Group1	73695.8096522559
Cell69	Group1	71980.1534633308
Cell70	Group1	69159.8404325823
Cell71	Group1	48599.8737566992
Cell72	Group1	58803.8567473973
Cell73	Group1	67826.1866001257
Cell74	Group1	49478.5899360391
Cell75	Group1	53714.2837681371
Cell76	Group1	67251.8159138755
Cell77	Group1	69817.2049454567
Cell78	Group1	65693.3852125776
Cell79	Group1	50153.5581246862
Cell80	Group1	48052.2298538879
Cell81	Group1	81027.2990320151
Cell82	Group1	63043.7549617489
Cell83	Group1	60942.62006755
Cell84	Group1	58443.7885909132
Cell85	Group1	47152.1186341295
Cell86	Group1	67670.0778463816
Cell87	Group1	57329.5817762096
Cell88	Group1	57725.1745901568
Cell89	Group1	72162.0285166644
Cell90	Group1	70569.5919729746
Cell91	Group1	79096.4501848567
Cell92	Group1	54435.1419162465
Cell93	Group1	68191.1255964279
Cell94	Group1	79080.5388524376
Cell95	Group1	47946.5546189417
Cell96	Group1	50404.7896672486
Cell97	Group1	47746.0807415503
Cell98	Group1	44719.1544543323
Cell99	Group1	60839.6206196741
Cell100	Group1	68230.084477005
Cell101	Group1	76129.6491038927
Cell102	Group1	73787.913055066
Cell103	Group1	48989.3531402817
Cell104	Group1	86655.5531597183
Cell105	Group1	52399.1326791974
Cell106	Group1	61151.07755663
Cell107	Group1	55025.3255966302
Cell108	Group1	58426.7998800724
Cell109	Group1	62170.6689302258
Cell110	Group1	61318.2130762259
Cell111	Group1	59574.4154446022
Cell112	Group1	61182.3816542693
Cell113	Group1	54334.4070635126
Cell114	Group1	54130.6892996734
Cell115	Group1	42949.4956241306
Cell116	Group1	55466.4301530944
Cell117	Group1	54039.4680517887
Cell118	Group1	102783.303353231
Cell119	Group1	45596.0675462101
Cell120	Group1	61540.5289284613
Cell121	Group1	44412.4443159737
Cell122	Group1	44618.9016353783
Cell123	Group1	61386.2088436551
Cell124	Group1	49053.7626731678
Cell125	Group1	59852.3201992257
Cell126	Group1	54959.3018375851
Cell127	Group1	52958.5959483463
Cell128	Group1	39937.2372039789
Cell129	Group1	46866.124902258
Cell130	Group1	62062.8765613928
Cell131	Group1	67072.1455895955
Cell132	Group1	54253.5946094323
Cell133	Group1	59874.8947458213
Cell134	Group1	74950.1068147125
Cell135	Group1	79855.2698708141
Cell136	Group1	48077.869002663
Cell137	Group1	58485.6139708664
Cell138	Group1	76137.7653426344
Cell139	Group1	54505.3468885988
Cell140	Group1	59249.1138645048
Cell141	Group1	58851.8495470991
Cell142	Group1	50134.4761150838
Cell143	Group1	54779.0553931081
Cell144	Group1	59522.5805262171
Cell145	Group1	55117.7028943551
Cell146	Group1	74807.7826500374
Cell147	Group1	54382.7034863908
Cell148	Group1	54905.3566337329
Cell149	Group1	68828.4540899173
Cell150	Group1	48471.259680243
Cell151	Group1	59388.7625604673
Cell152	Group1	43900.9410709975
Cell153	Group1	75616.8113534845
Cell154	Group1	56685.3375756827
Cell155	Group1	54525.8911636491
Cell156	Group1	46739.7161165872
Cell157	Group1	59781.2648031468
Cell158	Group1	51018.4986419519
Cell159	Group1	53814.6779887676
Cell160	Group1	77461.4017325744
Cell161	Group1	57808.7152376132
Cell162	Group1	48322.0628519475
Cell163	Group1	61860.7627542406
Cell164	Group1	55684.2330584054
Cell165	Group1	67373.2079422264
Cell166	Group1	79736.6322211895
Cell167	Group1	49092.4973074589
Cell168	Group1	65573.7052200458
Cell169	Group1	60899.4615268771
Cell170	Group1	71618.816338914
Cell171	Group1	57184.8551503171
Cell172	Group1	70779.4379943563
Cell173	Group1	42234.3363907774
Cell174	Group1	83942.8747738918
Cell175	Group1	71179.1769247607
Cell176	Group1	58095.5763985535
Cell177	Group1	44810.5362082707
Cell178	Group1	68091.0963620984
Cell179	Group1	65949.1172399317
Cell180	Group1	59798.0825304067
Cell181	Group1	61715.5484262706
Cell182	Group1	53272.6425781751
Cell183	Group1	64457.4984304975
Cell184	Group1	63508.6164590487
Cell185	Group1	56621.7307110569
Cell186	Group1	45832.6807446787
Cell187	Group1	68881.9716897301
Cell188	Group1	66892.3121826016
Cell189	Group1	50652.2373492037
Cell190	Group1	43524.6345204713
Cell191	Group1	62379.4838672538
Cell192	Group1	55881.1506388555
Cell193	Group1	62976.8413814151
Cell194	Group1	46221.4616416242
Cell195	Group1	49422.739504676
Cell196	Group1	74395.8151113621
Cell197	Group1	64909.8706290223
Cell198	Group1	67325.7129529078
Cell199	Group1	86081.1460625615
Cell200	Group1	61436.8001590378
Cell201	Group1	40127.3791628899
Cell202	Group1	64007.4933759169
Cell203	Group1	75679.6837903978
Cell204	Group1	90391.7108880483
Cell205	Group1	45461.7994763102
Cell206	Group1	47563.8780135795
Cell207	Group1	51991.5103142914
Cell208	Group1	48493.6840942405
Cell209	Group1	52619.9842548996
Cell210	Group1	57694.9199676246
Cell211	Group1	47087.1580448338
Cell212	Group1	89984.6548759117
Cell213	Group1	61178.7355003019
Cell214	Group1	58875.3855489196
Cell215	Group1	66113.2148748026
Cell216	Group1	60323.8626872301
Cell217	Group1	58313.1201578501
Cell218	Group1	80447.2914783167
Cell219	Group1	57330.8388632349
Cell220	Group1	46317.7047588829
Cell221	Group1	64675.2309570655
Cell222	Group1	55809.3906424947
Cell223	Group1	53940.7111839016
Cell224	Group1	48357.36228221
Cell225	Group1	65229.8966668382
Cell226	Group1	57826.1487637258
Cell227	Group1	66378.8357352557
Cell228	Group1	57132.4162399186
Cell229	Group1	52485.8723796313
Cell230	Group1	76883.5578712738
Cell231	Group1	56706.6777969536
Cell232	Group1	72373.1316128108
Cell233	Group1	47083.7643190778
Cell234	Group1	54544.7519677059
Cell235	Group1	56734.0433279872
Cell236	Group1	55370.7590479936
Cell237	Group1	78412.7172024039
Cell238	Group1	59602.1579576039
Cell239	Group1	62871.3070081817
Cell240	Group1	49589.0666726178
Cell241	Group1	51748.8011511584
Cell242	Group1	73102.2029728278
Cell243	Group1	77010.4443786938
Cell244	Group1	76862.4498472577
Cell245	Group1	45427.4846714795
Cell246	Group1	90218.7123681373
Cell247	Group1	73377.6421954363
Cell248	Group1	59555.0579385474
Cell249	Group1	68921.3691175167
Cell250	Group1	49302.1492378919
Cell251	Group1	48087.0770543934
Cell252	Group1	60464.4029696114
Cell253	Group1	47112.8387925318
Cell254	Group1	62193.3773578395
Cell255	Group1	77616.9554150599
Cell256	Group1	48689.8201506856
Cell257	Group1	51653.4283623628
Cell258	Group1	60434.3413585805
Cell259	Group1	48848.5891622177
Cell260	Group1	55455.8899480882
Cell261	Group1	71292.8329941782
Cell262	Group1	72686.3583451459
Cell263	Group1	64651.6776120361
Cell264	Group1	41344.2596512329
Cell265	Group1	59231.018964
Cell266	Group1	74083.9836515125
Cell267	Group1	70448.6255448623
Cell268	Group1	57632.1992458943
Cell269	Group1	34892.0412679844
Cell270	Group1	60608.6758565752
Cell271	Group1	67154.4412830352
Cell272	Group1	60425.1516894993
Cell273	Group1	61789.1157902
Cell274	Group1	65271.6502386483
Cell275	Group1	55308.9518744374
Cell276	Group1	77807.6975225127
Cell277	Group1	65780.4973139238
Cell278	Group1	46698.4356802526
Cell279	Group1	78929.8759674953
Cell280	Group1	76182.8604122988
Cell281	Group1	70602.0734998544
Cell282	Group1	42936.3523216476
Cell283	Group1	53430.5912771278
Cell284	Group1	67989.1058651333
Cell285	Group1	60400.001062597
Cell286	Group1	64189.9837231151
Cell287	Group1	97921.2349775627
Cell288	Group1	50834.1644020209
Cell289	Group1	39236.3925710904
Cell290	Group1	63242.957371555
Cell291	Group1	52181.3605100383
Cell292	Group1	65460.8943557948
Cell293	Group1	50895.1572329881
Cell294	Group1	93191.4348842524
Cell295	Group1	58410.9590212287
Cell296	Group1	54422.4971982698
Cell297	Group1	57915.92689855
Cell298	Group1	71147.6572972676
Cell299	Group1	61051.1976602271
Cell300	Group1	43255.3693795212
Cell301	Group1	59818.8343738376
Cell302	Group1	69706.4710242004
Cell303	Group1	60342.8764680004
Cell304	Group1	69356.4500288468
Cell305	Group1	58145.5991799326
Cell306	Group1	59184.9480673012
Cell307	Group1	65938.2444760556
Cell308	Group1	73027.307633705
Cell309	Group1	46663.6561790536
Cell310	Group1	59474.4742349808
Cell311	Group1	59030.3834315114
Cell312	Group1	51442.2896629648
Cell313	Group1	48685.0912552161
Cell314	Group1	52778.205465567
Cell315	Group1	67330.0244046565
Cell316	Group1	55090.6598883067
Cell317	Group1	51175.8202174394
Cell318	Group1	61863.3539952558
Cell319	Group1	46754.0963331698
Cell320	Group1	73804.4830919778
Cell321	Group1	54343.5340502985
Cell322	Group1	62182.3055977644
Cell323	Group1	60488.0598273125
Cell324	Group1	59871.2598159541
Cell325	Group1	85980.5518590961
Cell326	Group1	50763.5780335146
Cell327	Group1	75289.3591042394
Cell328	Group1	60253.4214631492
Cell329	Group1	50663.3900467242
Cell330	Group1	59056.3451790128
Cell331	Group1	69518.9278335109
Cell332	Group1	54989.4294057812
Cell333	Group1	51307.0553535869
Cell334	Group2	61731.6979663638
Cell335	Group2	72963.8483247071
Cell336	Group2	59000.9210076733
Cell337	Group2	45369.4699286015
Cell338	Group2	46104.4530205181
Cell339	Group2	51344.9022059424
Cell340	Group2	53883.4346577845
Cell341	Group2	59618.1052921754
Cell342	Group2	68466.4836137995
Cell343	Group2	54889.4582790787
Cell344	Group2	47916.9241401848
Cell345	Group2	67603.9166509162
Cell346	Group2	63265.2442745165
Cell347	Group2	75468.4082491326
Cell348	Group2	42766.2204488106
Cell349	Group2	60928.9565544397
Cell350	Group2	78485.7515821767
Cell351	Group2	69205.4406162029
Cell352	Group2	50690.2789671385
Cell353	Group2	69321.1752282556
Cell354	Group2	50292.6703107013
Cell355	Group2	54683.6749976666
Cell356	Group2	75925.4225854419
Cell357	Group2	56498.5886762982
Cell358	Group2	70665.2508040155
Cell359	Group2	56486.3592196044
Cell360	Group2	43683.5779155588
Cell361	Group2	50525.6729135284
Cell362	Group2	48160.5754010987
Cell363	Group2	54346.8474233351
Cell364	Group2	55979.3279713351
Cell365	Group2	58065.5847283995
Cell366	Group2	57031.0168616328
Cell367	Group2	87416.5941746416
Cell368	Group2	45378.800813453
Cell369	Group2	55107.1714405832
Cell370	Group2	64203.7118908629
Cell371	Group2	82924.717172151
Cell372	Group2	60943.6154704339
Cell373	Group2	76713.2820866017
Cell374	Group2	43091.8383551086
Cell375	Group2	79959.1617406443
Cell376	Group2	52150.4435500503
Cell377	Group2	56653.7682823918
Cell378	Group2	47959.6949215909
Cell379	Group2	61498.8566943412
Cell380	Group2	85568.0983933901
Cell381	Group2	97190.9297777141
Cell382	Group2	48273.3158246765
Cell383	Group2	65985.362894063
Cell384	Group2	79039.6060124367
Cell385	Group2	57576.4343178716
Cell386	Group2	57317.716331667
Cell387	Group2	56333.4856506259
Cell388	Group2	67478.6509642826
Cell389	Group2	79180.5432956739
Cell390	Group2	68701.3378794067
Cell391	Group2	63833.767652002
Cell392	Group2	56366.2590596918
Cell393	Group2	66149.3098982552
Cell394	Group2	53642.2678946301
Cell395	Group2	56621.7632086027
Cell396	Group2	74555.7680395455
Cell397	Group2	65408.1807560714
Cell398	Group2	62830.9621488059
Cell399	Group2	56890.2054406403
Cell400	Group2	72128.6479213431
Cell401	Group2	78196.6836506831
Cell402	Group2	50319.3838781736
Cell403	Group2	60542.2889612223
Cell404	Group2	60464.6020460149
Cell405	Group2	53333.9759388029
Cell406	Group2	49033.1691150606
Cell407	Group2	59845.0166782777
Cell408	Group2	68261.580517293
Cell409	Group2	80448.1740772224
Cell410	Group2	40870.7301811897
Cell411	Group2	52026.6884506858
Cell412	Group2	56258.5864489013
Cell413	Group2	42931.8216722241
Cell414	Group2	51528.6535551433
Cell415	Group2	51253.0110855575
Cell416	Group2	51817.6477317487
Cell417	Group2	38647.3342528259
Cell418	Group2	62485.1189176553
Cell419	Group2	52765.6353811629
Cell420	Group2	81153.5435589585
Cell421	Group2	70206.1497801678
Cell422	Group2	44770.0239850159
Cell423	Group2	61064.0800380332
Cell424	Group2	53169.7977765301
Cell425	Group2	71514.5520913653
Cell426	Group2	60513.0354685127
Cell427	Group2	53562.0072000001
Cell428	Group2	65360.8939806289
Cell429	Group2	61729.7726081204
Cell430	Group2	57934.9717404103
Cell431	Group2	89677.7639960039
Cell432	Group2	53858.8935315053
Cell433	Group2	54493.821399233
Cell434	Group2	43950.2070965434
Cell435	Group2	59390.802621545
Cell436	Group2	71544.2387475998
Cell437	Group2	39565.8807967683
Cell438	Group2	56953.3036007336
Cell439	Group2	47271.8336805595
Cell440	Group2	79888.5208924679
Cell441	Group2	78556.9491617982
Cell442	Group2	64016.7834563593
Cell443	Group2	79687.468264074
Cell444	Group2	50339.0516604665
Cell445	Group2	72412.2197344419
Cell446	Group2	53263.0273261374
Cell447	Group2	63843.59252991
Cell448	Group2	56394.1549606985
Cell449	Group2	56629.8428085633
Cell450	Group2	66784.2819485503
Cell451	Group2	46130.783880795
Cell452	Group2	56943.6298220132
Cell453	Group2	61957.3469427858
Cell454	Group2	55232.4821668268
Cell455	Group2	61140.6293002813
Cell456	Group2	56174.8171843589
Cell457	Group2	82757.405954707
Cell458	Group2	69067.3725038673
Cell459	Group2	108355.533250964
Cell460	Group2	51071.632195013
Cell461	Group2	70465.1248154958
Cell462	Group2	91090.2599973938
Cell463	Group2	63589.0147930766
Cell464	Group2	48213.0481366052
Cell465	Group2	48958.8534903298
Cell466	Group2	59451.5567125404
Cell467	Group2	77794.4112046731
Cell468	Group2	69569.4001986846
Cell469	Group2	39039.3868406422
Cell470	Group2	52048.3918975962
Cell471	Group2	59765.7901361345
Cell472	Group2	44728.8194175134
Cell473	Group2	68796.3471869479
Cell474	Group2	36597.4156032297
Cell475	Group2	61614.8352685662
Cell476	Group2	55367.9162644285
Cell477	Group2	54272.1879836419
Cell478	Group2	56572.0603832426
Cell479	Group2	63764.9509953773
Cell480	Group2	64813.2486286175
Cell481	Group2	57232.6178968342
Cell482	Group2	40741.8017317552
Cell483	Group2	44898.2519246056
Cell484	Group2	44625.844586257
Cell485	Group2	69729.0774198623
Cell486	Group2	57026.8223469994
Cell487	Group2	63192.1473411254
Cell488	Group2	43836.1674198911
Cell489	Group2	53792.1270811893
Cell490	Group2	67002.8473100265
Cell491	Group2	57776.3484942572
Cell492	Group2	58511.1610826255
Cell493	Group2	59017.40654595
Cell494	Group2	76281.2129891008
Cell495	Group2	52945.6195647182
Cell496	Group2	68543.5981863464
Cell497	Group2	71662.2881581428
Cell498	Group2	47199.3980963233
Cell499	Group2	61343.9462699446
Cell500	Group2	59739.914631829
Cell501	Group2	73557.9010059764
Cell502	Group2	71894.4948158902
Cell503	Group2	59844.7355668709
Cell504	Group2	61525.1867424085
Cell505	Group2	51842.6936756148
Cell506	Group2	57548.0272105903
Cell507	Group2	48735.2681416353
Cell508	Group2	49345.8437190452
Cell509	Group2	46903.0217603086
Cell510	Group2	70773.6150040493
Cell511	Group2	74831.5120770015
Cell512	Group2	55127.8895444116
Cell513	Group2	47772.4561106174
Cell514	Group2	58830.3839132482
Cell515	Group2	93749.418267105
Cell516	Group2	90062.8135448736
Cell517	Group2	42448.2061397971
Cell518	Group2	55749.218359993
Cell519	Group2	81361.3886407374
Cell520	Group2	59417.9222176461
Cell521	Group2	82411.6960735876
Cell522	Group2	56009.8541576633
Cell523	Group2	67575.2577071081
Cell524	Group2	62620.5168030923
Cell525	Group2	114212.256931975
Cell526	Group2	71976.180246667
Cell527	Group2	47037.1120012631
Cell528	Group2	53062.3951015714
Cell529	Group2	64475.9172391489
Cell530	Group2	40937.421329928
Cell531	Group2	41735.9443369477
Cell532	Group2	47840.8654384245
Cell533	Group2	55849.4009667701
Cell534	Group2	76709.4686142615
Cell535	Group2	56679.0814074326
Cell536	Group2	61850.5421356246
Cell537	Group2	59105.4619585008
Cell538	Group2	51997.5863736502
Cell539	Group2	78624.5643988505
Cell540	Group2	48083.6442739216
Cell541	Group2	57200.2356028655
Cell542	Group2	55850.535010969
Cell543	Group2	66597.7268058281
Cell544	Group2	82573.7334903202
Cell545	Group2	66354.2376087847
Cell546	Group2	78942.4695105763
Cell547	Group2	69746.2831233763
Cell548	Group2	52843.1352189758
Cell549	Group2	60858.6207232257
Cell550	Group2	78843.1584730018
Cell551	Group2	43815.6720956484
Cell552	Group2	63892.2999870036
Cell553	Group2	58025.7372394012
Cell554	Group2	71364.5675353338
Cell555	Group2	69566.1456587336
Cell556	Group2	63589.9476341089
Cell557	Group2	80705.5175820713
Cell558	Group2	44130.2708576411
Cell559	Group2	71836.1788401525
Cell560	Group2	43655.8945954405
Cell561	Group2	67342.2598813597
Cell562	Group2	60957.2732494488
Cell563	Group2	72653.1721419965
Cell564	Group2	60825.383377001
Cell565	Group2	43750.5749188972
Cell566	Group2	40072.0900883419
Cell567	Group2	66715.6411790123
Cell568	Group2	59001.8855220652
Cell569	Group2	53412.2992407419
Cell570	Group2	56262.6569966791
Cell571	Group2	52350.5114767113
Cell572	Group2	58019.3531913313
Cell573	Group2	49698.9450648469
Cell574	Group2	40271.4517701575
Cell575	Group2	57301.3830351207
Cell576	Group2	73795.6579795652
Cell577	Group2	87156.9602783987
Cell578	Group2	59905.3585994382
Cell579	Group2	58915.8841387795
Cell580	Group2	72591.016700416
Cell581	Group2	60519.0943496087
Cell582	Group2	54886.3695129066
Cell583	Group2	42299.92317892
Cell584	Group2	46502.4779797883
Cell585	Group2	64942.770188884
Cell586	Group2	44715.2196255847
Cell587	Group2	73842.6291092388
Cell588	Group2	45739.3333230065
Cell589	Group2	57600.4632033976
Cell590	Group2	59846.1755630267
Cell591	Group2	59720.7047941244
Cell592	Group2	61721.6144879247
Cell593	Group2	67487.8071871752
Cell594	Group2	58381.6853458864
Cell595	Group2	56970.7288991358
Cell596	Group2	61825.1475511836
Cell597	Group2	54900.163831887
Cell598	Group2	81428.6522924461
Cell599	Group2	38791.2771524017
Cell600	Group2	73526.4823110056
Cell601	Group2	56971.328606457
Cell602	Group2	65151.0746329315
Cell603	Group2	72950.0805935269
Cell604	Group2	70764.5631859206
Cell605	Group2	52464.6888099614
Cell606	Group2	81863.9415402652
Cell607	Group2	43278.2212035101
Cell608	Group2	71166.6276469256
Cell609	Group2	54050.7903381424
Cell610	Group2	40803.6572522672
Cell611	Group2	41226.5287687628
Cell612	Group2	62883.2940918561
Cell613	Group2	93405.6262272305
Cell614	Group2	63238.9199652296
Cell615	Group2	75068.5487862066
Cell616	Group2	70808.467841565
Cell617	Group2	52526.702820405
Cell618	Group2	72460.1616763243
Cell619	Group2	64253.4239956028
Cell620	Group2	62399.9565803731
Cell621	Group2	73146.725909542
Cell622	Group2	69528.3872866923
Cell623	Group2	52822.104750134
Cell624	Group2	64798.9538025296
Cell625	Group2	50089.4862214516
Cell626	Group2	67925.2885272523
Cell627	Group2	54910.4504324303
Cell628	Group2	65540.7738085355
Cell629	Group2	64447.0869691403
Cell630	Group2	56722.2881798238
Cell631	Group2	65716.3165886683
Cell632	Group2	67162.5611238345
Cell633	Group2	57174.3129365863
Cell634	Group2	75693.5704842439
Cell635	Group2	79105.7260656841
Cell636	Group2	52449.2727875558
Cell637	Group2	51252.8322380414
Cell638	Group2	66350.5756565173
Cell639	Group2	49878.1122073011
Cell640	Group2	54727.1516409818
Cell641	Group2	70304.1803044277
Cell642	Group2	53386.0433234665
Cell643	Group2	40715.9410374973
Cell644	Group2	68382.9064559613
Cell645	Group2	43455.4674205543
Cell646	Group2	45664.6588555696
Cell647	Group2	32741.9845360269
Cell648	Group2	70703.3026552244
Cell649	Group2	62957.7671429332
Cell650	Group2	65674.0200466336
Cell651	Group2	70895.2308680285
Cell652	Group2	59373.6435222957
Cell653	Group2	47996.5695131501
Cell654	Group2	67020.5877126769
Cell655	Group2	77704.8497819444
Cell656	Group2	44353.895196638
Cell657	Group2	53029.4210664314
Cell658	Group2	56474.8670316033
Cell659	Group2	46261.4061195058
Cell660	Group2	68790.5162870448
Cell661	Group2	53112.2894092227
Cell662	Group2	76986.1895914426
Cell663	Group2	60518.3317784914
Cell664	Group2	69259.7011837739
Cell665	Group2	81815.3054797094
Cell666	Group2	63140.9590159578
Cell667	Group3	74261.3013518395
Cell668	Group3	62451.1285305405
Cell669	Group3	44252.4180807423
Cell670	Group3	60143.0068009364
Cell671	Group3	69121.9241707132
Cell672	Group3	66031.7788972426
Cell673	Group3	57827.650974146
Cell674	Group3	46932.2383082918
Cell675	Group3	68137.2732639443
Cell676	Group3	49846.7607994253
Cell677	Group3	46613.026119553
Cell678	Group3	67439.4571779863
Cell679	Group3	46790.6121623364
Cell680	Group3	62873.0493698001
Cell681	Group3	59907.3473631929
Cell682	Group3	45906.3193386243
Cell683	Group3	75806.4971522297
Cell684	Group3	53180.0710151944
Cell685	Group3	76114.6216921867
Cell686	Group3	54447.5571945594
Cell687	Group3	53369.1733820529
Cell688	Group3	59501.3806269202
Cell689	Group3	55736.3937257536
Cell690	Group3	55752.6256163323
Cell691	Group3	50234.9924354555
Cell692	Group3	46977.3370964574
Cell693	Group3	67687.5351971071
Cell694	Group3	50958.1166276795
Cell695	Group3	45465.4790153168
Cell696	Group3	54091.3963676991
Cell697	Group3	51011.8329107606
Cell698	Group3	38616.8065238811
Cell699	Group3	56489.6418447715
Cell700	Group3	61909.8655142185
Cell701	Group3	63509.0993393288
Cell702	Group3	64766.7901370978
Cell703	Group3	49012.5299368074
Cell704	Group3	56097.9515192267
Cell705	Group3	48939.01640973
Cell706	Group3	52728.622239454
Cell707	Group3	47006.0625313553
Cell708	Group3	47892.1669054782
Cell709	Group3	67912.557158947
Cell710	Group3	56698.0833596811
Cell711	Group3	56853.4262904718
Cell712	Group3	84618.7909330506
Cell713	Group3	59178.9727011852
Cell714	Group3	53776.2523774546
Cell715	Group3	69526.0887791318
Cell716	Group3	54314.6046998125
Cell717	Group3	78793.166795745
Cell718	Group3	55518.1641333065
Cell719	Group3	52932.3243303576
Cell720	Group3	47399.8806517801
Cell721	Group3	63941.7679081748
Cell722	Group3	80282.1132043548
Cell723	Group3	55759.221905175
Cell724	Group3	63088.4840292744
Cell725	Group3	64001.7541804133
Cell726	Group3	79573.6787406359
Cell727	Group3	68375.8738660463
Cell728	Group3	48303.9670042405
Cell729	Group3	52084.3419960229
Cell730	Group3	51574.0495162511
Cell731	Group3	61593.6816981935
Cell732	Group3	59826.8930770504
Cell733	Group3	64446.2937063703
Cell734	Group3	52498.0558812409
Cell735	Group3	55532.8860652818
Cell736	Group3	69443.7264413991
Cell737	Group3	58693.1702352383
Cell738	Group3	52530.1213618052
Cell739	Group3	72709.9032352807
Cell740	Group3	60035.9760478905
Cell741	Group3	49845.9768289593
Cell742	Group3	84283.18958084
Cell743	Group3	47400.1087512483
Cell744	Group3	41931.5056412825
Cell745	Group3	38153.5280299609
Cell746	Group3	68201.7288972188
Cell747	Group3	53821.7788126092
Cell748	Group3	56663.6464841577
Cell749	Group3	63444.7923254911
Cell750	Group3	54540.7379989463
Cell751	Group3	43407.5194809765
Cell752	Group3	40539.9521946769
Cell753	Group3	55930.2141305498
Cell754	Group3	62003.4374645083
Cell755	Group3	37965.9311484962
Cell756	Group3	63456.1817934444
Cell757	Group3	65150.891840658
Cell758	Group3	77570.8873404391
Cell759	Group3	61879.4120826325
Cell760	Group3	62379.4247341835
Cell761	Group3	67570.0911384059
Cell762	Group3	59645.3724513931
Cell763	Group3	58927.1450693134
Cell764	Group3	61279.2700655492
Cell765	Group3	69482.8106933974
Cell766	Group3	54925.9876725178
Cell767	Group3	54181.4679716507
Cell768	Group3	50360.7602650039
Cell769	Group3	49436.7099374988
Cell770	Group3	63918.2367161795
Cell771	Group3	81591.0166760049
Cell772	Group3	49327.0596249627
Cell773	Group3	57659.5931268581
Cell774	Group3	48727.5456228985
Cell775	Group3	71798.3869116297
Cell776	Group3	56191.6600430014
Cell777	Group3	62056.5157580843
Cell778	Group3	64190.1876430506
Cell779	Group3	48491.5190043525
Cell780	Group3	58632.8936037636
Cell781	Group3	57201.2755292169
Cell782	Group3	68533.0310054004
Cell783	Group3	46786.5506484954
Cell784	Group3	47099.0302733079
Cell785	Group3	69784.9266825552
Cell786	Group3	53230.1597741623
Cell787	Group3	52467.0605725351
Cell788	Group3	61242.8694470821
Cell789	Group3	56157.7649530279
Cell790	Group3	86966.3289697591
Cell791	Group3	63064.0585495161
Cell792	Group3	61840.3915054749
Cell793	Group3	72129.25391778
Cell794	Group3	59160.5758262111
Cell795	Group3	60460.645213339
Cell796	Group3	48311.5006432493
Cell797	Group3	37850.7363803617
Cell798	Group3	47030.8303242389
Cell799	Group3	61256.2942234724
Cell800	Group3	48695.4358116638
Cell801	Group3	68717.6631343764
Cell802	Group3	69218.0263129837
Cell803	Group3	62534.6475040063
Cell804	Group3	57507.3850204332
Cell805	Group3	45563.4904999339
Cell806	Group3	56286.6395764176
Cell807	Group3	54689.0848444334
Cell808	Group3	68367.0203633244
Cell809	Group3	77786.7126756458
Cell810	Group3	66184.9293032743
Cell811	Group3	47779.0382976956
Cell812	Group3	83633.5020548239
Cell813	Group3	73282.0230793216
Cell814	Group3	62611.4998051723
Cell815	Group3	38511.1497158487
Cell816	Group3	49468.0792194751
Cell817	Group3	59058.5962349008
Cell818	Group3	69721.3024291117
Cell819	Group3	47288.3460314016
Cell820	Group3	113804.778639609
Cell821	Group3	35926.6640436773
Cell822	Group3	57114.4946467246
Cell823	Group3	56845.2232185036
Cell824	Group3	52434.8442896566
Cell825	Group3	56173.5822047783
Cell826	Group3	69458.1041302047
Cell827	Group3	50268.8794015036
Cell828	Group3	39475.568744719
Cell829	Group3	61007.5911541043
Cell830	Group3	59852.3537440894
Cell831	Group3	59717.4689929843
Cell832	Group3	68431.8483853035
Cell833	Group3	59716.6681801604
Cell834	Group3	69927.1598785121
Cell835	Group3	40048.757707374
Cell836	Group3	47780.0707204649
Cell837	Group3	64200.0914618948
Cell838	Group3	55793.9267913102
Cell839	Group3	72327.1545749788
Cell840	Group3	48974.5487798279
Cell841	Group3	69201.6888392456
Cell842	Group3	52377.555678347
Cell843	Group3	47924.9709259718
Cell844	Group3	55906.669434607
Cell845	Group3	60473.217776942
Cell846	Group3	46838.6318227973
Cell847	Group3	51389.9968060209
Cell848	Group3	46665.6481662589
Cell849	Group3	73376.1915038558
Cell850	Group3	69197.6737569566
Cell851	Group3	48702.9349212875
Cell852	Group3	66934.4593417193
Cell853	Group3	56890.5039131098
Cell854	Group3	47921.601310996
Cell855	Group3	65136.4440453631
Cell856	Group3	56129.114819731
Cell857	Group3	71398.7742089412
Cell858	Group3	57585.5690889822
Cell859	Group3	75933.3299234443
Cell860	Group3	54070.6658907685
Cell861	Group3	62561.7659032569
Cell862	Group3	64476.6798228016
Cell863	Group3	63311.4628076144
Cell864	Group3	62341.8661223011
Cell865	Group3	59718.7124423553
Cell866	Group3	58795.8762006029
Cell867	Group3	78669.142953272
Cell868	Group3	71799.0205642353
Cell869	Group3	52998.6841951578
Cell870	Group3	79164.8324322833
Cell871	Group3	61633.4286157411
Cell872	Group3	52674.0732973272
Cell873	Group3	61942.4156070388
Cell874	Group3	58021.128200611
Cell875	Group3	61095.1594678477
Cell876	Group3	49282.344352815
Cell877	Group3	50819.475950684
Cell878	Group3	78635.9138918647
Cell879	Group3	72567.626552352
Cell880	Group3	50174.1435930754
Cell881	Group3	50010.1656583887
Cell882	Group3	84513.5052957252
Cell883	Group3	87711.5117370101
Cell884	Group3	51255.169531905
Cell885	Group3	46144.771849426
Cell886	Group3	101184.314965498
Cell887	Group3	62688.0289697046
Cell888	Group3	62152.7272944121
Cell889	Group3	60792.8417707932
Cell890	Group3	79298.305348665
Cell891	Group3	57621.7599891115
Cell892	Group3	80167.8974726535
Cell893	Group3	57289.2863068496
Cell894	Group3	66239.2970777986
Cell895	Group3	48693.4887444287
Cell896	Group3	61950.7314624989
Cell897	Group3	76125.1238681267
Cell898	Group3	57949.0130201704
Cell899	Group3	77380.8933085087
Cell900	Group3	103304.816213889
Cell901	Group3	72285.934341972
Cell902	Group3	56969.8347912074
Cell903	Group3	61040.6779129642
Cell904	Group3	54896.9906973668
Cell905	Group3	92571.2200277874
Cell906	Group3	33131.6426552773
Cell907	Group3	60850.6419358456
Cell908	Group3	61207.6561351415
Cell909	Group3	62485.4910304696
Cell910	Group3	43845.8817870651
Cell911	Group3	62520.0328052616
Cell912	Group3	62164.0889175709
Cell913	Group3	77012.6077960038
Cell914	Group3	66483.1330536803
Cell915	Group3	74838.7333517991
Cell916	Group3	49439.2316804035
Cell917	Group3	58402.7866348975
Cell918	Group3	62214.7610077744
Cell919	Group3	63224.2652401482
Cell920	Group3	52116.5120392201
Cell921	Group3	80485.6658978245
Cell922	Group3	52978.772618366
Cell923	Group3	43353.2957188313
Cell924	Group3	64893.1936076797
Cell925	Group3	68385.1578424896
Cell926	Group3	72317.7884255096
Cell927	Group3	49550.5104023241
Cell928	Group3	56973.544651372
Cell929	Group3	45904.237235746
Cell930	Group3	70894.8270340019
Cell931	Group3	64185.9325486307
Cell932	Group3	71879.940798846
Cell933	Group3	67619.7183236789
Cell934	Group3	53023.4953312538
Cell935	Group3	62064.6345762782
Cell936	Group3	40876.8070385486
Cell937	Group3	66210.1631164101
Cell938	Group3	72676.9699020944
Cell939	Group3	50254.3593225121
Cell940	Group3	39057.6911468706
Cell941	Group3	44153.8093226142
Cell942	Group3	47924.223166437
Cell943	Group3	76741.4132036128
Cell944	Group3	59915.8518113777
Cell945	Group3	46743.9952586214
Cell946	Group3	66912.4162977318
Cell947	Group3	38691.3031952979
Cell948	Group3	56987.9492945751
Cell949	Group3	74799.8669724114
Cell950	Group3	55919.3276046548
Cell951	Group3	77737.0820078355
Cell952	Group3	85739.1455310948
Cell953	Group3	47402.628252233
Cell954	Group3	47550.2571049745
Cell955	Group3	49866.7090671378
Cell956	Group3	66552.4479326053
Cell957	Group3	70757.6392831234
Cell958	Group3	76254.1710156614
Cell959	Group3	77644.3845935165
Cell960	Group3	74246.5403407481
Cell961	Group3	72255.2454485152
Cell962	Group3	61862.8389716234
Cell963	Group3	50129.8685600328
Cell964	Group3	51780.4427283077
Cell965	Group3	64959.5080134788
Cell966	Group3	83843.5019270281
Cell967	Group3	84220.6959124828
Cell968	Group3	40731.8923268611
Cell969	Group3	50675.6296729204
Cell970	Group3	79524.9830332869
Cell971	Group3	48396.2716153164
Cell972	Group3	43359.6474582002
Cell973	Group3	67505.3557217844
Cell974	Group3	84676.4617902877
Cell975	Group3	88159.3201219412
Cell976	Group3	66606.943985117
Cell977	Group3	69143.0724928043
Cell978	Group3	66971.2483489724
Cell979	Group3	59657.9450824426
Cell980	Group3	30505.1921791752
Cell981	Group3	69712.8993320606
Cell982	Group3	55367.8638518976
Cell983	Group3	73275.4014882545
Cell984	Group3	52817.8969995226
Cell985	Group3	43177.9197254033
Cell986	Group3	76806.8056470856
Cell987	Group3	62085.9807309737
Cell988	Group3	120458.533552907
Cell989	Group3	71906.2439920609
Cell990	Group3	73843.354945555
Cell991	Group3	69756.4373643495
Cell992	Group3	53067.6357208101
Cell993	Group3	55598.6426660431
Cell994	Group3	74010.7171215351
Cell995	Group3	73940.9518710352
Cell996	Group3	67278.3945553513
Cell997	Group3	49152.6732093134
Cell998	Group3	83861.7058659422
Cell999	Group3	45553.0013052622
Cell1000	Group4	54904.8590176456
Cell1001	Group4	95321.5982943925
Cell1002	Group4	66491.1700237683
Cell1003	Group4	72703.6365275081
Cell1004	Group4	64562.86500955
Cell1005	Group4	49060.686986058
Cell1006	Group4	53130.3399239267
Cell1007	Group4	61886.063295044
Cell1008	Group4	33333.0462673151
Cell1009	Group4	50534.7832141853
Cell1010	Group4	70243.0677382808
Cell1011	Group4	56404.7583822509
Cell1012	Group4	56572.4685578635
Cell1013	Group4	71246.705704078
Cell1014	Group4	53697.8876211945
Cell1015	Group4	67897.9177785283
Cell1016	Group4	45050.2182846473
Cell1017	Group4	46840.2180698182
Cell1018	Group4	42837.9168395292
Cell1019	Group4	60893.3770436889
Cell1020	Group4	57456.0086609213
Cell1021	Group4	79887.4723667487
Cell1022	Group4	59375.8928871314
Cell1023	Group4	78491.9142713624
Cell1024	Group4	88348.5490784486
Cell1025	Group4	54274.6395344292
Cell1026	Group4	64711.0862918505
Cell1027	Group4	50565.3252263545
Cell1028	Group4	69396.941406706
Cell1029	Group4	48245.0221583905
Cell1030	Group4	48761.9329410815
Cell1031	Group4	63434.2155512155
Cell1032	Group4	60971.5270100632
Cell1033	Group4	63103.0659023771
Cell1034	Group4	60710.1987911997
Cell1035	Group4	53866.8875111668
Cell1036	Group4	58335.118527407
Cell1037	Group4	82787.4491749422
Cell1038	Group4	59660.2337045811
Cell1039	Group4	45995.6506636194
Cell1040	Group4	50568.6939864221
Cell1041	Group4	48032.6864335115
Cell1042	Group4	50010.185386691
Cell1043	Group4	46526.7742426078
Cell1044	Group4	35412.856795648
Cell1045	Group4	68446.8732152857
Cell1046	Group4	68323.4484286009
Cell1047	Group4	56947.2063319689
Cell1048	Group4	51804.9268474225
Cell1049	Group4	50897.2245493431
Cell1050	Group4	64844.4670692674
Cell1051	Group4	62649.6087176184
Cell1052	Group4	65142.2563010997
Cell1053	Group4	59932.1032977925
Cell1054	Group4	67764.7063456972
Cell1055	Group4	65266.0184731206
Cell1056	Group4	66947.3972299629
Cell1057	Group4	66117.7324005518
Cell1058	Group4	83481.2344277214
Cell1059	Group4	48484.1916076289
Cell1060	Group4	80956.3125854743
Cell1061	Group4	56002.8728149807
Cell1062	Group4	59101.0429966727
Cell1063	Group4	60852.9944612255
Cell1064	Group4	54740.3863725721
Cell1065	Group4	35926.7926662857
Cell1066	Group4	56241.6853407422
Cell1067	Group4	60371.7542942324
Cell1068	Group4	42296.2787238262
Cell1069	Group4	66835.3848058995
Cell1070	Group4	53132.5631612167
Cell1071	Group4	79981.3179858033
Cell1072	Group4	63131.4047522671
Cell1073	Group4	51135.9697948716
Cell1074	Group4	61916.7762730345
Cell1075	Group4	63039.4891957888
Cell1076	Group4	71855.2870599845
Cell1077	Group4	58024.784863798
Cell1078	Group4	39867.823872465
Cell1079	Group4	46169.1375470651
Cell1080	Group4	50440.5083336199
Cell1081	Group4	65202.4979245593
Cell1082	Group4	56558.611288769
Cell1083	Group4	52951.2147174574
Cell1084	Group4	50565.3497710575
Cell1085	Group4	61743.1916322444
Cell1086	Group4	50499.2389495707
Cell1087	Group4	55293.7845132486
Cell1088	Group4	49612.8203813186
Cell1089	Group4	45358.3359224698
Cell1090	Group4	72477.8964475315
Cell1091	Group4	46004.7948539061
Cell1092	Group4	60755.0708943954
Cell1093	Group4	53442.5663613511
Cell1094	Group4	48451.0779723752
Cell1095	Group4	63061.3100588978
Cell1096	Group4	64513.3140526884
Cell1097	Group4	77105.7668566083
Cell1098	Group4	63898.1059584598
Cell1099	Group4	58238.7684250074
Cell1100	Group4	100759.702656612
Cell1101	Group4	52572.2195779582
Cell1102	Group4	48989.6021883488
Cell1103	Group4	53797.2278260312
Cell1104	Group4	58566.4383237352
Cell1105	Group4	67513.7144906915
Cell1106	Group4	65066.7543523041
Cell1107	Group4	58621.0936483532
Cell1108	Group4	50447.4506528213
Cell1109	Group4	75016.6574254739
Cell1110	Group4	71916.1635402986
Cell1111	Group4	51798.8942479534
Cell1112	Group4	68689.7877693171
Cell1113	Group4	65513.8702225813
Cell1114	Group4	73794.857103879
Cell1115	Group4	61693.0034312537
Cell1116	Group4	47657.0841887792
Cell1117	Group4	70298.0880547678
Cell1118	Group4	51753.9840069599
Cell1119	Group4	66532.2357389466
Cell1120	Group4	83675.0191082708
Cell1121	Group4	45081.8225217089
Cell1122	Group4	81828.6053596563
Cell1123	Group4	78482.598323094
Cell1124	Group4	53866.3169794429
Cell1125	Group4	56939.5492688502
Cell1126	Group4	52199.6183604493
Cell1127	Group4	53419.2512109766
Cell1128	Group4	67233.4571123697
Cell1129	Group4	50021.5003482897
Cell1130	Group4	57637.8081252779
Cell1131	Group4	58175.484969777
Cell1132	Group4	58728.7972939136
Cell1133	Group4	62086.8408657647
Cell1134	Group4	82397.8680050131
Cell1135	Group4	54706.2724591392
Cell1136	Group4	51073.6483360919
Cell1137	Group4	70154.6149274431
Cell1138	Group4	64608.06065658
Cell1139	Group4	62765.2965242885
Cell1140	Group4	67386.3431649541
Cell1141	Group4	45144.0586843149
Cell1142	Group4	74062.0962232109
Cell1143	Group4	65564.1004421756
Cell1144	Group4	72421.7969134393
Cell1145	Group4	53119.3452027933
Cell1146	Group4	41423.8462318894
Cell1147	Group4	54343.5979917075
Cell1148	Group4	49942.6505440239
Cell1149	Group4	93391.2082294641
Cell1150	Group4	55122.1375419774
Cell1151	Group4	57346.3932630426
Cell1152	Group4	74057.3968031752
Cell1153	Group4	67783.1762557256
Cell1154	Group4	68501.6649898302
Cell1155	Group4	101391.233583442
Cell1156	Group4	61896.7454492932
Cell1157	Group4	87643.7084596674
Cell1158	Group4	62990.7821924185
Cell1159	Group4	44720.8719912668
Cell1160	Group4	38351.5549302981
Cell1161	Group4	68182.0566494686
Cell1162	Group4	49028.1561340934
Cell1163	Group4	60378.8693029733
Cell1164	Group4	85426.2525980526
Cell1165	Group4	64179.3338666316
Cell1166	Group4	56533.0391967175
Cell1167	Group4	40744.8475253183
Cell1168	Group4	51014.7547216232
Cell1169	Group4	53363.1870353217
Cell1170	Group4	68654.4442247981
Cell1171	Group4	65952.5926363367
Cell1172	Group4	60041.584836401
Cell1173	Group4	62071.9048034271
Cell1174	Group4	56521.4420436673
Cell1175	Group4	60237.2038508574
Cell1176	Group4	63217.3976614539
Cell1177	Group4	65501.7203053778
Cell1178	Group4	86294.8786452023
Cell1179	Group4	47934.7148984303
Cell1180	Group4	80415.4407869432
Cell1181	Group4	68480.3753545123
Cell1182	Group4	43955.5551099622
Cell1183	Group4	56646.7873532185
Cell1184	Group4	52792.8688865178
Cell1185	Group4	49682.0961958747
Cell1186	Group4	44021.0277942113
Cell1187	Group4	54240.3074042125
Cell1188	Group4	54881.302567353
Cell1189	Group4	56122.4429863784
Cell1190	Group4	39647.2661931971
Cell1191	Group4	65401.5024889864
Cell1192	Group4	69513.0823654753
Cell1193	Group4	70117.5623717427
Cell1194	Group4	69852.9852238765
Cell1195	Group4	62323.9626198727
Cell1196	Group4	80311.6528894099
Cell1197	Group4	50247.1397152573
Cell1198	Group4	46848.7244600188
Cell1199	Group4	64059.4978248512
Cell1200	Group4	65392.6285278262
Cell1201	Group4	51570.0682069212
Cell1202	Group4	60314.1022834622
Cell1203	Group4	63873.6329193775
Cell1204	Group4	64597.7724178492
Cell1205	Group4	71347.051611649
Cell1206	Group4	72162.6297587364
Cell1207	Group4	36836.2795355502
Cell1208	Group4	84592.3236672911
Cell1209	Group4	65591.4433217089
Cell1210	Group4	53419.3292726759
Cell1211	Group4	47909.7887023815
Cell1212	Group4	71755.0025478584
Cell1213	Group4	63934.8070349705
Cell1214	Group4	74281.5581539505
Cell1215	Group4	59156.2122505021
Cell1216	Group4	57027.9197806806
Cell1217	Group4	93740.3975204012
Cell1218	Group4	39846.9604221058
Cell1219	Group4	64743.1312605441
Cell1220	Group4	64664.1782896442
Cell1221	Group4	65364.7969708941
Cell1222	Group4	66945.1014001844
Cell1223	Group4	56654.0481807581
Cell1224	Group4	75603.4817345116
Cell1225	Group4	36649.1147555129
Cell1226	Group4	50964.6099412002
Cell1227	Group4	58464.27072977
Cell1228	Group4	61860.8784546541
Cell1229	Group4	64944.9912136694
Cell1230	Group4	68041.1534659782
Cell1231	Group4	44280.3580363744
Cell1232	Group4	59966.0663798844
Cell1233	Group4	66491.7796289036
Cell1234	Group4	78062.6645126942
Cell1235	Group4	58529.5160073769
Cell1236	Group4	82440.3182746594
Cell1237	Group4	56596.0447051143
Cell1238	Group4	59279.5916954635
Cell1239	Group4	61823.7470100348
Cell1240	Group4	54150.5758931749
Cell1241	Group4	69091.5426775625
Cell1242	Group4	45745.2179413056
Cell1243	Group4	59806.5991147402
Cell1244	Group4	53738.8503999078
Cell1245	Group4	53668.7004857316
Cell1246	Group4	75379.3826846331
Cell1247	Group4	73898.2138181551
Cell1248	Group4	82421.8050876357
Cell1249	Group4	56797.1053565639
Cell1250	Group4	60263.3954348167
Cell1251	Group4	43900.603163784
Cell1252	Group4	55401.6199894737
Cell1253	Group4	85206.2122963779
Cell1254	Group4	55088.4004311117
Cell1255	Group4	47416.8183491111
Cell1256	Group4	60377.9296038596
Cell1257	Group4	76825.9556362074
Cell1258	Group4	43669.5236798776
Cell1259	Group4	56910.5437232989
Cell1260	Group4	65746.788741257
Cell1261	Group4	88921.2120601558
Cell1262	Group4	52938.1135299568
Cell1263	Group4	81136.1851693924
Cell1264	Group4	54908.3637620975
Cell1265	Group4	48717.6398656766
Cell1266	Group4	47721.2991528626
Cell1267	Group4	57284.2144330822
Cell1268	Group4	59606.3302832346
Cell1269	Group4	56129.6590931767
Cell1270	Group4	73898.2652185135
Cell1271	Group4	62187.4340339038
Cell1272	Group4	58620.1913337613
Cell1273	Group4	53076.4765098225
Cell1274	Group4	46202.8523225581
Cell1275	Group4	40462.6527067419
Cell1276	Group4	62485.0336909432
Cell1277	Group4	60178.3043824717
Cell1278	Group4	78669.0142906406
Cell1279	Group4	63463.4076721271
Cell1280	Group4	70223.8685616658
Cell1281	Group4	60366.963651581
Cell1282	Group4	50834.736541461
Cell1283	Group4	63444.9657905839
Cell1284	Group4	64084.4755366774
Cell1285	Group4	50844.2060931526
Cell1286	Group4	59530.8614533706
Cell1287	Group4	89335.6881372135
Cell1288	Group4	47769.6981403684
Cell1289	Group4	80373.1720420366
Cell1290	Group4	57215.8488452448
Cell1291	Group4	80536.2054346432
Cell1292	Group4	50583.9375472158
Cell1293	Group4	59086.6881083085
Cell1294	Group4	63719.5498610542
Cell1295	Group4	58540.9597180969
Cell1296	Group4	68305.6501619787
Cell1297	Group4	57908.9773044318
Cell1298	Group4	76250.1523905331
Cell1299	Group4	61950.0619326575
Cell1300	Group4	68767.321112363
Cell1301	Group4	47235.0089975603
Cell1302	Group4	52487.070489624
Cell1303	Group4	74451.3811828679
Cell1304	Group4	66287.5375708872
Cell1305	Group4	58268.6023958237
Cell1306	Group4	58585.5555352694
Cell1307	Group4	69632.0363002412
Cell1308	Group4	57253.1382023659
Cell1309	Group4	60778.4785568941
Cell1310	Group4	43079.7806501085
Cell1311	Group4	85374.4259539117
Cell1312	Group4	69786.3410888565
Cell1313	Group4	70718.1522018135
Cell1314	Group4	40900.9469880694
Cell1315	Group4	59625.1452806916
Cell1316	Group4	55172.1302234499
Cell1317	Group4	45466.1212045769
Cell1318	Group4	69250.5298219396
Cell1319	Group4	76636.3017189427
Cell1320	Group4	53602.7214357223
Cell1321	Group4	57191.5800388309
Cell1322	Group4	84313.0889109023
Cell1323	Group4	43046.5952879592
Cell1324	Group4	69483.4696908074
Cell1325	Group4	56229.4396099774
Cell1326	Group4	58509.1149222281
Cell1327	Group4	52987.1723149039
Cell1328	Group4	74558.4809631639
Cell1329	Group4	47789.7508336753
Cell1330	Group4	72585.6046785484
Cell1331	Group4	79323.7456274298
Cell1332	Group4	43116.8908426132
Cell1333	Group5	47792.2686412245
Cell1334	Group5	67393.8533463799
Cell1335	Group5	49451.0305016587
Cell1336	Group5	52140.3303206283
Cell1337	Group5	54771.7290478367
Cell1338	Group5	55887.8986912476
Cell1339	Group5	68922.6153160157
Cell1340	Group5	53071.6861253883
Cell1341	Group5	60953.7148678109
Cell1342	Group5	69390.0613095884
Cell1343	Group5	43999.0847296706
Cell1344	Group5	52160.1223085471
Cell1345	Group5	71108.2535004229
Cell1346	Group5	55530.9638775144
Cell1347	Group5	36061.5797936947
Cell1348	Group5	50434.8737506417
Cell1349	Group5	70488.530060381
Cell1350	Group5	54977.6610045847
Cell1351	Group5	55219.5663318481
Cell1352	Group5	58153.7797100544
Cell1353	Group5	69140.3152886504
Cell1354	Group5	54272.9839822363
Cell1355	Group5	65853.7522736354
Cell1356	Group5	67146.4096968966
Cell1357	Group5	48836.2470945777
Cell1358	Group5	59137.7976500365
Cell1359	Group5	53762.9033593531
Cell1360	Group5	65081.1964345053
Cell1361	Group5	44282.4922349403
Cell1362	Group5	81457.2796358643
Cell1363	Group5	78370.5593813736
Cell1364	Group5	50585.934609997
Cell1365	Group5	52366.6467077892
Cell1366	Group5	49926.2657189757
Cell1367	Group5	58261.2142167138
Cell1368	Group5	54165.1183486004
Cell1369	Group5	61238.2754808749
Cell1370	Group5	41149.065135124
Cell1371	Group5	61803.1333051832
Cell1372	Group5	60060.7923597183
Cell1373	Group5	43472.3032652877
Cell1374	Group5	63271.7751086009
Cell1375	Group5	60535.8195787638
Cell1376	Group5	57175.7610140096
Cell1377	Group5	59716.0878844447
Cell1378	Group5	64665.9352796225
Cell1379	Group5	64173.4429832773
Cell1380	Group5	54922.4488276838
Cell1381	Group5	75360.2787281792
Cell1382	Group5	59438.2692531078
Cell1383	Group5	58269.8284251447
Cell1384	Group5	72324.8900143401
Cell1385	Group5	73014.1306783222
Cell1386	Group5	52045.1062269018
Cell1387	Group5	49108.5417787656
Cell1388	Group5	51993.6247698783
Cell1389	Group5	47327.4063129539
Cell1390	Group5	41930.1580548932
Cell1391	Group5	63711.5729719903
Cell1392	Group5	58161.4432933618
Cell1393	Group5	68084.8466169106
Cell1394	Group5	59854.274433365
Cell1395	Group5	64979.8559520004
Cell1396	Group5	54219.091686262
Cell1397	Group5	49413.473466219
Cell1398	Group5	69956.3283004311
Cell1399	Group5	69718.7188113678
Cell1400	Group5	42330.2637043773
Cell1401	Group5	71357.5854404847
Cell1402	Group5	41995.8344343901
Cell1403	Group5	59329.5357970778
Cell1404	Group5	55327.5109424862
Cell1405	Group5	58360.1601446745
Cell1406	Group5	74551.656980464
Cell1407	Group5	46581.3920379075
Cell1408	Group5	56777.9463639912
Cell1409	Group5	99773.7596140013
Cell1410	Group5	44548.7216966723
Cell1411	Group5	52821.9702492997
Cell1412	Group5	59384.5633629042
Cell1413	Group5	62317.0687493888
Cell1414	Group5	53816.6877830507
Cell1415	Group5	56771.7167676992
Cell1416	Group5	74371.6100629576
Cell1417	Group5	57748.3989433467
Cell1418	Group5	62963.537241545
Cell1419	Group5	64466.9808584811
Cell1420	Group5	64952.1972813261
Cell1421	Group5	66072.0441598044
Cell1422	Group5	60531.9446739919
Cell1423	Group5	51961.8557316985
Cell1424	Group5	59180.409737527
Cell1425	Group5	49380.7344170827
Cell1426	Group5	61003.020560892
Cell1427	Group5	55849.7190087918
Cell1428	Group5	58473.7440241985
Cell1429	Group5	48058.8609566333
Cell1430	Group5	56578.5217344143
Cell1431	Group5	48148.8756241799
Cell1432	Group5	55208.2065820749
Cell1433	Group5	66528.2169655796
Cell1434	Group5	62823.4692211379
Cell1435	Group5	71658.8893209534
Cell1436	Group5	66012.1190014999
Cell1437	Group5	61230.3507611932
Cell1438	Group5	73105.7768599447
Cell1439	Group5	75988.9612304
Cell1440	Group5	45257.4459320357
Cell1441	Group5	71569.8766561329
Cell1442	Group5	69953.9042964748
Cell1443	Group5	72285.79409317
Cell1444	Group5	49923.1178258239
Cell1445	Group5	96934.0538339024
Cell1446	Group5	35637.3657152113
Cell1447	Group5	59956.3818401352
Cell1448	Group5	61305.2850149139
Cell1449	Group5	58108.1108542021
Cell1450	Group5	69534.2459429014
Cell1451	Group5	61378.0133583375
Cell1452	Group5	51245.8055414399
Cell1453	Group5	79380.3917223255
Cell1454	Group5	56456.0443559928
Cell1455	Group5	67652.2389410039
Cell1456	Group5	52401.8923930049
Cell1457	Group5	48437.2015411634
Cell1458	Group5	53041.6249216152
Cell1459	Group5	48466.674441483
Cell1460	Group5	66610.7526391527
Cell1461	Group5	43896.1316149658
Cell1462	Group5	49232.1481578449
Cell1463	Group5	60200.965599796
Cell1464	Group5	42484.1156908509
Cell1465	Group5	54123.4265764649
Cell1466	Group5	56331.8550860344
Cell1467	Group5	78371.5021351967
Cell1468	Group5	56868.2610295569
Cell1469	Group5	53924.6262261422
Cell1470	Group5	52436.4081050914
Cell1471	Group5	65476.3447761974
Cell1472	Group5	56168.4114274849
Cell1473	Group5	53704.0786438746
Cell1474	Group5	56617.0418428757
Cell1475	Group5	74090.7905936164
Cell1476	Group5	81925.5141843868
Cell1477	Group5	52647.6869597311
Cell1478	Group5	60120.3911320861
Cell1479	Group5	56115.2622189678
Cell1480	Group5	86810.1825658948
Cell1481	Group5	67383.3207065743
Cell1482	Group5	41934.9403308236
Cell1483	Group5	54895.0390532009
Cell1484	Group5	37852.4148613545
Cell1485	Group5	58771.1843862893
Cell1486	Group5	68926.2857922872
Cell1487	Group5	50066.2333968443
Cell1488	Group5	46327.8532646059
Cell1489	Group5	76968.9085963622
Cell1490	Group5	49368.8039190771
Cell1491	Group5	71794.042367655
Cell1492	Group5	62493.3057966084
Cell1493	Group5	71410.8162214388
Cell1494	Group5	73167.6746781411
Cell1495	Group5	75205.6846562182
Cell1496	Group5	76665.5068026389
Cell1497	Group5	63518.1075201418
Cell1498	Group5	61966.6864761531
Cell1499	Group5	49460.1287141545
Cell1500	Group5	47000.7188750311
Cell1501	Group5	53088.9135165677
Cell1502	Group5	58269.6569391179
Cell1503	Group5	49145.7397368527
Cell1504	Group5	70713.0206773054
Cell1505	Group5	51071.816953552
Cell1506	Group5	64093.1595806043
Cell1507	Group5	71259.6811057685
Cell1508	Group5	47267.0067297511
Cell1509	Group5	73466.0589201627
Cell1510	Group5	39273.8069075427
Cell1511	Group5	62689.7055628038
Cell1512	Group5	81011.1564653929
Cell1513	Group5	66908.9218245113
Cell1514	Group5	71895.9892811459
Cell1515	Group5	53600.875192512
Cell1516	Group5	63555.9066931073
Cell1517	Group5	74703.0281610467
Cell1518	Group5	45897.6906907006
Cell1519	Group5	73155.2245104747
Cell1520	Group5	45167.7775370928
Cell1521	Group5	54189.573336909
Cell1522	Group5	101169.374902625
Cell1523	Group5	66312.4613961474
Cell1524	Group5	58796.1326906264
Cell1525	Group5	72820.5253335855
Cell1526	Group5	57024.6134556225
Cell1527	Group5	67803.0048211687
Cell1528	Group5	55886.658088455
Cell1529	Group5	37382.3927637312
Cell1530	Group5	65806.7388807679
Cell1531	Group5	54052.1154489599
Cell1532	Group5	53384.704965216
Cell1533	Group5	59919.6298486161
Cell1534	Group5	78316.2335800424
Cell1535	Group5	63518.8697600033
Cell1536	Group5	70852.6316730948
Cell1537	Group5	67901.462995768
Cell1538	Group5	61103.2099564982
Cell1539	Group5	68475.0123803443
Cell1540	Group5	58240.5266211041
Cell1541	Group5	46636.4428256751
Cell1542	Group5	64185.1432176935
Cell1543	Group5	37965.6570476545
Cell1544	Group5	49156.1951672456
Cell1545	Group5	59165.3728277005
Cell1546	Group5	57979.6926737386
Cell1547	Group5	55046.1771183943
Cell1548	Group5	72963.7632656885
Cell1549	Group5	48343.0255754361
Cell1550	Group5	35499.4082601701
Cell1551	Group5	69988.790992603
Cell1552	Group5	60416.7108108455
Cell1553	Group5	58588.9955229986
Cell1554	Group5	55367.892002834
Cell1555	Group5	42727.5888353341
Cell1556	Group5	49486.6942290768
Cell1557	Group5	66269.3530315743
Cell1558	Group5	60099.8857667191
Cell1559	Group5	45081.0800003194
Cell1560	Group5	67483.2289689713
Cell1561	Group5	70071.815045601
Cell1562	Group5	58283.4462280344
Cell1563	Group5	59678.2371742814
Cell1564	Group5	79366.2172811874
Cell1565	Group5	64793.9646419004
Cell1566	Group5	76418.1128018741
Cell1567	Group5	59336.7757644698
Cell1568	Group5	80490.7515289778
Cell1569	Group5	58974.6661072387
Cell1570	Group5	71937.2644752605
Cell1571	Group5	55884.6071539622
Cell1572	Group5	48271.6383181031
Cell1573	Group5	73153.9164844022
Cell1574	Group5	94769.3011392207
Cell1575	Group5	56096.2574357389
Cell1576	Group5	80319.7823957691
Cell1577	Group5	57103.3585906477
Cell1578	Group5	72019.9630087528
Cell1579	Group5	49126.8810071169
Cell1580	Group5	63267.6396628116
Cell1581	Group5	51393.5409598719
Cell1582	Group5	45687.3897410214
Cell1583	Group5	68254.9257118801
Cell1584	Group5	82613.5799418049
Cell1585	Group5	51138.7909613505
Cell1586	Group5	50172.621953539
Cell1587	Group5	48314.9868200502
Cell1588	Group5	54631.8215213448
Cell1589	Group5	68400.0888862
Cell1590	Group5	69040.2980274363
Cell1591	Group5	65420.4935569976
Cell1592	Group5	69697.3420874057
Cell1593	Group5	54514.6344593806
Cell1594	Group5	57841.2810308254
Cell1595	Group5	68624.8490982741
Cell1596	Group5	56595.4874709736
Cell1597	Group5	49398.5072552125
Cell1598	Group5	45454.6302931488
Cell1599	Group5	102694.858084637
Cell1600	Group5	42619.0659177035
Cell1601	Group5	60226.2348103968
Cell1602	Group5	88155.9661413732
Cell1603	Group5	70792.0634359189
Cell1604	Group5	57695.2850229063
Cell1605	Group5	66613.7196159529
Cell1606	Group5	85561.5473842699
Cell1607	Group5	62188.511802903
Cell1608	Group5	53432.9297867216
Cell1609	Group5	80047.7482643599
Cell1610	Group5	87011.7712765089
Cell1611	Group5	49172.4615534359
Cell1612	Group5	69130.503533801
Cell1613	Group5	61443.2620326593
Cell1614	Group5	68894.2680875671
Cell1615	Group5	66525.4304535073
Cell1616	Group5	59629.0040735386
Cell1617	Group5	65358.9856159337
Cell1618	Group5	46999.5960916079
Cell1619	Group5	45211.9183437474
Cell1620	Group5	69158.0560534636
Cell1621	Group5	60913.3170555168
Cell1622	Group5	58318.6134605685
Cell1623	Group5	42821.2435994254
Cell1624	Group5	53428.5433521328
Cell1625	Group5	62220.5761429237
Cell1626	Group5	54324.7615531484
Cell1627	Group5	60855.4587443742
Cell1628	Group5	64665.2634138999
Cell1629	Group5	58250.0136517289
Cell1630	Group5	65219.8155910047
Cell1631	Group5	57033.1017259969
Cell1632	Group5	56180.7490962482
Cell1633	Group5	56907.2894242502
Cell1634	Group5	68034.9951292149
Cell1635	Group5	70559.6038739235
Cell1636	Group5	95520.4669688066
Cell1637	Group5	49184.7300012049
Cell1638	Group5	51974.5010045853
Cell1639	Group5	68106.6283683732
Cell1640	Group5	83077.8223355135
Cell1641	Group5	76521.6996335716
Cell1642	Group5	54527.4147074876
Cell1643	Group5	52279.1959143883
Cell1644	Group5	84059.5247014725
Cell1645	Group5	81517.2040848679
Cell1646	Group5	62498.9801763014
Cell1647	Group5	84131.6118289297
Cell1648	Group5	59778.5771472717
Cell1649	Group5	50839.0443052438
Cell1650	Group5	59271.150510703
Cell1651	Group5	60838.8727022253
Cell1652	Group5	43830.5253937243
Cell1653	Group5	57855.3037013804
Cell1654	Group5	55065.4954129197
Cell1655	Group5	66055.9483118191
Cell1656	Group5	53839.049701977
Cell1657	Group5	65936.2749516084
Cell1658	Group5	66653.1914385669
Cell1659	Group5	56620.9965073122
Cell1660	Group5	59355.4098223007
Cell1661	Group5	96404.0081825959
Cell1662	Group5	81601.7692474443
Cell1663	Group5	81711.693647445
Cell1664	Group5	60574.0732300673
Cell1665	Group5	50617.0733777112
Cell1666	Group6	67119.150842733
Cell1667	Group6	60670.2994421512
Cell1668	Group6	122630.604301273
Cell1669	Group6	40685.2496495807
Cell1670	Group6	57493.8634884819
Cell1671	Group6	80558.8329729662
Cell1672	Group6	39351.7891325551
Cell1673	Group6	56844.245229916
Cell1674	Group6	64011.2153720574
Cell1675	Group6	57300.9499828859
Cell1676	Group6	49694.306060887
Cell1677	Group6	58428.0847422788
Cell1678	Group6	78253.2534123207
Cell1679	Group6	45721.9497290183
Cell1680	Group6	79456.6719299821
Cell1681	Group6	71884.0576115285
Cell1682	Group6	46754.3424157377
Cell1683	Group6	44349.11040679
Cell1684	Group6	60289.1683230235
Cell1685	Group6	63402.5860534815
Cell1686	Group6	75905.2870278848
Cell1687	Group6	59426.1786116669
Cell1688	Group6	65125.6864041225
Cell1689	Group6	77485.7475980344
Cell1690	Group6	75670.0588206866
Cell1691	Group6	70630.5981266116
Cell1692	Group6	63881.3932820169
Cell1693	Group6	64614.2389258248
Cell1694	Group6	76154.8401134348
Cell1695	Group6	74640.6952468631
Cell1696	Group6	59142.0237224924
Cell1697	Group6	64403.160231049
Cell1698	Group6	83994.8242618836
Cell1699	Group6	80360.1272554265
Cell1700	Group6	49244.3770117181
Cell1701	Group6	79988.6745025732
Cell1702	Group6	58854.8114897996
Cell1703	Group6	43706.2346248927
Cell1704	Group6	77535.8145555939
Cell1705	Group6	60894.2207068466
Cell1706	Group6	72650.03852613
Cell1707	Group6	88240.6128215175
Cell1708	Group6	74308.0468974159
Cell1709	Group6	55786.1714753259
Cell1710	Group6	58280.0649674998
Cell1711	Group6	49147.1192929838
Cell1712	Group6	50800.3422519974
Cell1713	Group6	66032.7549158541
Cell1714	Group6	56395.4921694384
Cell1715	Group6	68299.0393096106
Cell1716	Group6	70719.8735967855
Cell1717	Group6	64388.6498661107
Cell1718	Group6	55285.7720770076
Cell1719	Group6	44374.2223491898
Cell1720	Group6	61262.6498382535
Cell1721	Group6	48651.439522183
Cell1722	Group6	68131.5568213027
Cell1723	Group6	69882.3980267137
Cell1724	Group6	63780.5032937948
Cell1725	Group6	48648.5574236729
Cell1726	Group6	51481.2293710899
Cell1727	Group6	54268.4951682527
Cell1728	Group6	61663.3573292692
Cell1729	Group6	95922.9561997811
Cell1730	Group6	49804.7802109977
Cell1731	Group6	38895.3678207608
Cell1732	Group6	58449.5922067334
Cell1733	Group6	50622.4855024184
Cell1734	Group6	38774.2644534587
Cell1735	Group6	50268.7255752629
Cell1736	Group6	55563.6300395738
Cell1737	Group6	48029.0088113638
Cell1738	Group6	69087.6986953257
Cell1739	Group6	71791.980825872
Cell1740	Group6	56108.2967786315
Cell1741	Group6	44519.5106457131
Cell1742	Group6	67429.2532872869
Cell1743	Group6	50464.483084764
Cell1744	Group6	50717.0027172494
Cell1745	Group6	61686.5603101805
Cell1746	Group6	49255.22792476
Cell1747	Group6	56447.3214484428
Cell1748	Group6	51318.4192712144
Cell1749	Group6	64760.8634912585
Cell1750	Group6	50551.0410664602
Cell1751	Group6	50576.7879477738
Cell1752	Group6	49395.8806053015
Cell1753	Group6	60006.6057316284
Cell1754	Group6	76342.8602679604
Cell1755	Group6	50122.450318553
Cell1756	Group6	62543.6662821542
Cell1757	Group6	52510.9290911049
Cell1758	Group6	48160.6140709405
Cell1759	Group6	74475.5512689735
Cell1760	Group6	53431.4357216785
Cell1761	Group6	82798.2351984747
Cell1762	Group6	52187.7102789977
Cell1763	Group6	68281.8547698204
Cell1764	Group6	74767.489942424
Cell1765	Group6	91871.3167589724
Cell1766	Group6	50706.3099363515
Cell1767	Group6	60796.1152038646
Cell1768	Group6	72197.8025801521
Cell1769	Group6	54158.307626144
Cell1770	Group6	67438.4556480559
Cell1771	Group6	54933.0124347947
Cell1772	Group6	47730.8008906076
Cell1773	Group6	38275.5154728063
Cell1774	Group6	66365.1875761809
Cell1775	Group6	55916.7120040077
Cell1776	Group6	84421.3394544245
Cell1777	Group6	47892.9896232942
Cell1778	Group6	54301.3341807159
Cell1779	Group6	70366.0695034163
Cell1780	Group6	56828.7848383945
Cell1781	Group6	66013.3308748691
Cell1782	Group6	78476.678008352
Cell1783	Group6	92536.9328866404
Cell1784	Group6	60492.6665269546
Cell1785	Group6	50634.1187149394
Cell1786	Group6	48198.202081935
Cell1787	Group6	53674.5074503134
Cell1788	Group6	54978.5319073445
Cell1789	Group6	46995.1878330762
Cell1790	Group6	67478.1148305486
Cell1791	Group6	79600.7789681628
Cell1792	Group6	54794.2354501969
Cell1793	Group6	48626.9560258874
Cell1794	Group6	46407.6958973847
Cell1795	Group6	69844.7584932198
Cell1796	Group6	60252.8121164294
Cell1797	Group6	40905.878066523
Cell1798	Group6	58410.3841951723
Cell1799	Group6	59878.0741050898
Cell1800	Group6	50576.6016859614
Cell1801	Group6	46898.1414592305
Cell1802	Group6	54688.1758419769
Cell1803	Group6	52027.9323407591
Cell1804	Group6	52319.4734945547
Cell1805	Group6	37774.7195126713
Cell1806	Group6	58112.3461790071
Cell1807	Group6	72383.8087992364
Cell1808	Group6	75453.5483391476
Cell1809	Group6	90659.9068636412
Cell1810	Group6	63136.7314500727
Cell1811	Group6	48513.5895299609
Cell1812	Group6	66202.1651274985
Cell1813	Group6	74605.4622950339
Cell1814	Group6	87317.0447411932
Cell1815	Group6	70421.2751366833
Cell1816	Group6	79510.8493989951
Cell1817	Group6	65370.9977978946
Cell1818	Group6	46374.2523654373
Cell1819	Group6	50398.9368180858
Cell1820	Group6	87325.4458231359
Cell1821	Group6	68927.9794677663
Cell1822	Group6	52389.2080018028
Cell1823	Group6	51992.6234925504
Cell1824	Group6	49804.2840302738
Cell1825	Group6	61678.7448347631
Cell1826	Group6	56953.8476092164
Cell1827	Group6	49595.0450321637
Cell1828	Group6	76331.4105101614
Cell1829	Group6	60096.884861948
Cell1830	Group6	69672.874076878
Cell1831	Group6	55491.6290261317
Cell1832	Group6	62006.2051863155
Cell1833	Group6	73622.4040909247
Cell1834	Group6	68538.0811575724
Cell1835	Group6	72276.639338312
Cell1836	Group6	41550.8802549499
Cell1837	Group6	62034.1845790028
Cell1838	Group6	57620.773206356
Cell1839	Group6	52573.1208678143
Cell1840	Group6	53522.678044344
Cell1841	Group6	83713.3011694331
Cell1842	Group6	65258.1955820657
Cell1843	Group6	58167.3032445238
Cell1844	Group6	72244.0422544635
Cell1845	Group6	53685.6301704207
Cell1846	Group6	61560.1529577257
Cell1847	Group6	79967.2506262485
Cell1848	Group6	56020.5789111947
Cell1849	Group6	51029.9883391024
Cell1850	Group6	53655.617605457
Cell1851	Group6	48525.308186112
Cell1852	Group6	62977.4810740573
Cell1853	Group6	63931.8128911617
Cell1854	Group6	71049.6693747705
Cell1855	Group6	85849.621230625
Cell1856	Group6	79304.3421687118
Cell1857	Group6	46622.644761561
Cell1858	Group6	89305.8050485492
Cell1859	Group6	61565.4242638204
Cell1860	Group6	55418.357425148
Cell1861	Group6	86779.625001551
Cell1862	Group6	65236.2827411637
Cell1863	Group6	84639.6428898514
Cell1864	Group6	59355.2150248281
Cell1865	Group6	51729.4659099026
Cell1866	Group6	40408.9746772824
Cell1867	Group6	75009.7259195131
Cell1868	Group6	50130.411672039
Cell1869	Group6	71272.9286572546
Cell1870	Group6	61327.198184751
Cell1871	Group6	65807.3615661581
Cell1872	Group6	77136.2009641179
Cell1873	Group6	54335.6986826992
Cell1874	Group6	54594.7652592002
Cell1875	Group6	57162.212163411
Cell1876	Group6	74018.5306100701
Cell1877	Group6	54450.2575893282
Cell1878	Group6	57808.8954771949
Cell1879	Group6	70211.3248616167
Cell1880	Group6	69964.9067493668
Cell1881	Group6	70218.0383282528
Cell1882	Group6	60464.4165366004
Cell1883	Group6	69739.5304238418
Cell1884	Group6	63398.6986333806
Cell1885	Group6	52756.2217562846
Cell1886	Group6	85894.6561715646
Cell1887	Group6	41249.6458139364
Cell1888	Group6	70905.6696545979
Cell1889	Group6	64108.5831588597
Cell1890	Group6	60147.5218605763
Cell1891	Group6	52982.6617547567
Cell1892	Group6	56834.2630471711
Cell1893	Group6	85916.7482632683
Cell1894	Group6	58723.7865820988
Cell1895	Group6	55442.5517500983
Cell1896	Group6	50227.9825402552
Cell1897	Group6	54224.292906139
Cell1898	Group6	58873.2148173366
Cell1899	Group6	45636.1564803047
Cell1900	Group6	75247.6206884738
Cell1901	Group6	61057.1388687419
Cell1902	Group6	80258.1991381732
Cell1903	Group6	72990.6894740355
Cell1904	Group6	79449.5374577151
Cell1905	Group6	45835.7872568705
Cell1906	Group6	67232.8151279902
Cell1907	Group6	55694.4487258756
Cell1908	Group6	59315.7121386489
Cell1909	Group6	53109.1498379214
Cell1910	Group6	62506.1917391855
Cell1911	Group6	61005.9266782574
Cell1912	Group6	39184.3658933497
Cell1913	Group6	71003.795885112
Cell1914	Group6	61751.5845236268
Cell1915	Group6	49297.4518439123
Cell1916	Group6	48036.40465864
Cell1917	Group6	52153.7320872292
Cell1918	Group6	43620.0861845741
Cell1919	Group6	61546.8045109827
Cell1920	Group6	80859.5348782682
Cell1921	Group6	62228.9943630112
Cell1922	Group6	66531.5098601848
Cell1923	Group6	44505.0854659928
Cell1924	Group6	44009.4584837381
Cell1925	Group6	50046.7787792456
Cell1926	Group6	69162.4936884573
Cell1927	Group6	50166.3424184612
Cell1928	Group6	66951.228813076
Cell1929	Group6	57311.2660769877
Cell1930	Group6	64648.7918500173
Cell1931	Group6	48638.7578140087
Cell1932	Group6	49523.4488378549
Cell1933	Group6	58639.7345163734
Cell1934	Group6	57426.3065426011
Cell1935	Group6	41867.0316033041
Cell1936	Group6	66663.7685533439
Cell1937	Group6	40540.6634820736
Cell1938	Group6	55102.6510651884
Cell1939	Group6	60537.9629566786
Cell1940	Group6	52031.2644431116
Cell1941	Group6	45217.1714713462
Cell1942	Group6	55283.8009280689
Cell1943	Group6	58566.3536040697
Cell1944	Group6	49770.8280748093
Cell1945	Group6	45640.5292418083
Cell1946	Group6	47149.5197979961
Cell1947	Group6	53868.568610581
Cell1948	Group6	54692.1037632287
Cell1949	Group6	79530.5925548744
Cell1950	Group6	46298.4504122749
Cell1951	Group6	64616.8045226875
Cell1952	Group6	55078.0351627831
Cell1953	Group6	60996.5316997311
Cell1954	Group6	52432.5621739976
Cell1955	Group6	70302.6995790553
Cell1956	Group6	42590.3708754979
Cell1957	Group6	61745.8110234962
Cell1958	Group6	60187.2069744865
Cell1959	Group6	73952.085987214
Cell1960	Group6	57245.629456428
Cell1961	Group6	66126.1313233915
Cell1962	Group6	64856.135176896
Cell1963	Group6	52607.6828508424
Cell1964	Group6	58879.4520440573
Cell1965	Group6	58295.2421947
Cell1966	Group6	74900.8689640962
Cell1967	Group6	62808.4058438977
Cell1968	Group6	63457.1683532393
Cell1969	Group6	95675.7628571126
Cell1970	Group6	65072.6503543096
Cell1971	Group6	64376.0028163141
Cell1972	Group6	66591.7866330387
Cell1973	Group6	81601.950811325
Cell1974	Group6	72569.3300258925
Cell1975	Group6	64067.1631129302
Cell1976	Group6	52987.3984487739
Cell1977	Group6	64306.1409339864
Cell1978	Group6	61592.8909358048
Cell1979	Group6	41470.6709072463
Cell1980	Group6	43993.3511265254
Cell1981	Group6	41819.7262527715
Cell1982	Group6	79451.5738983903
Cell1983	Group6	67755.9513949746
Cell1984	Group6	37418.0662865988
Cell1985	Group6	65736.283822879
Cell1986	Group6	60643.4182101636
Cell1987	Group6	56882.778494254
Cell1988	Group6	51590.6427179309
Cell1989	Group6	46452.9357536335
Cell1990	Group6	71148.5768767823
Cell1991	Group6	53349.1362113116
Cell1992	Group6	58311.0289546734
Cell1993	Group6	67330.2988501384
Cell1994	Group6	66635.9869639948
Cell1995	Group6	55343.6945810825
Cell1996	Group6	53738.1317285218
Cell1997	Group6	63063.0427151172
Cell1998	Group6	47303.7213943363
