Gene	BaseGeneMean	OutlierFactor	GeneMean	DEFacGroup1	GeneMeanGroup1	DEFacGroup2	GeneMeanGroup2
Gene1	Gene1	55.9642573267353	1	55.9642573267353	1	55.9642573267353	1	55.9642573267353
Gene2	Gene2	0.118053876829526	1	0.118053876829526	1.09747275248994	0.129560913146208	1	0.118053876829526
Gene3	Gene3	4.44850697746419	1	4.44850697746419	1	4.44850697746419	1	4.44850697746419
Gene4	Gene4	176.468284679239	1	176.468284679239	1	176.468284679239	1	176.468284679239
Gene5	Gene5	92.0233436937	1	92.0233436937	1	92.0233436937	1	92.0233436937
Gene6	Gene6	43.6237969391379	1	43.6237969391379	1	43.6237969391379	1	43.6237969391379
Gene7	Gene7	0.0919251795718077	1	0.0919251795718077	1	0.0919251795718077	1	0.0919251795718077
Gene8	Gene8	205.840010557268	1	205.840010557268	1	205.840010557268	1	205.840010557268
Gene9	Gene9	426.448855092278	1	426.448855092278	1	426.448855092278	1	426.448855092278
Gene10	Gene10	0.540544949811706	1	0.540544949811706	1	0.540544949811706	1	0.540544949811706
Gene11	Gene11	89.4946287041588	1	89.4946287041588	1	89.4946287041588	1	89.4946287041588
Gene12	Gene12	38.337053797929	1	38.337053797929	0.668385211660563	25.6239198171712	1	38.337053797929
Gene13	Gene13	15.0574385444213	1	15.0574385444213	1	15.0574385444213	1	15.0574385444213
Gene14	Gene14	95.2175168405106	1	95.2175168405106	1	95.2175168405106	1	95.2175168405106
Gene15	Gene15	61.7983433976947	1	61.7983433976947	1	61.7983433976947	1	61.7983433976947
Gene16	Gene16	11.5447545398886	1	11.5447545398886	1	11.5447545398886	1	11.5447545398886
Gene17	Gene17	32.8867125508995	1	32.8867125508995	1	32.8867125508995	1	32.8867125508995
Gene18	Gene18	11.3290346371318	1	11.3290346371318	1.5715267950942	17.8038814948029	0.600337975338807	6.8012497165989
Gene19	Gene19	34.8538854725665	1	34.8538854725665	1	34.8538854725665	1.43627348860952	50.0597116792799
Gene20	Gene20	351.106434397273	1	351.106434397273	1	351.106434397273	1	351.106434397273
Gene21	Gene21	215.923264348267	1	215.923264348267	1	215.923264348267	1	215.923264348267
Gene22	Gene22	200.409990174131	1	200.409990174131	1	200.409990174131	1.11456359685004	223.369679493161
Gene23	Gene23	217.693271665178	1	217.693271665178	1	217.693271665178	1	217.693271665178
Gene24	Gene24	22.1574817522356	1	22.1574817522356	1	22.1574817522356	1	22.1574817522356
Gene25	Gene25	9.90493869766391	1	9.90493869766391	1	9.90493869766391	1	9.90493869766391
Gene26	Gene26	18.2271075566062	1	18.2271075566062	1	18.2271075566062	1	18.2271075566062
Gene27	Gene27	5.81560223938049	1	5.81560223938049	1	5.81560223938049	1	5.81560223938049
Gene28	Gene28	87.3038560556232	1	87.3038560556232	1	87.3038560556232	1	87.3038560556232
Gene29	Gene29	97.9740184809948	1	97.9740184809948	1	97.9740184809948	1	97.9740184809948
Gene30	Gene30	27.8343421188688	1	27.8343421188688	1.14030923437608	31.7397573509291	1	27.8343421188688
Gene31	Gene31	160.808979397888	1	160.808979397888	1	160.808979397888	1	160.808979397888
Gene32	Gene32	414.455228128091	1	414.455228128091	1	414.455228128091	1	414.455228128091
Gene33	Gene33	231.622632331148	1	231.622632331148	1	231.622632331148	1	231.622632331148
Gene34	Gene34	298.250194586127	1	298.250194586127	1	298.250194586127	1	298.250194586127
Gene35	Gene35	7.15226999821896	1	7.15226999821896	1	7.15226999821896	1.01491983123046	7.25898065950708
Gene36	Gene36	314.514073842825	1	314.514073842825	1	314.514073842825	1	314.514073842825
Gene37	Gene37	106.922759073086	1	106.922759073086	1	106.922759073086	0.604602391465562	64.6457558376838
Gene38	Gene38	58.2744748548007	94.0619330149787	5307.43039252212	1	5307.43039252212	1	5307.43039252212
Gene39	Gene39	16.6112942675168	1	16.6112942675168	1	16.6112942675168	1	16.6112942675168
Gene40	Gene40	60.4535562531358	1	60.4535562531358	1	60.4535562531358	1	60.4535562531358
Gene41	Gene41	0.00509377024494747	1	0.00509377024494747	1	0.00509377024494747	1	0.00509377024494747
Gene42	Gene42	3.17364850634515	1	3.17364850634515	1	3.17364850634515	1	3.17364850634515
Gene43	Gene43	4.75192308487984	1	4.75192308487984	1	4.75192308487984	1.29185191571505	6.1387809405326
Gene44	Gene44	510.378731438484	1	510.378731438484	1	510.378731438484	1	510.378731438484
Gene45	Gene45	347.304179958334	1	347.304179958334	1	347.304179958334	1	347.304179958334
Gene46	Gene46	204.619800967787	1	204.619800967787	1	204.619800967787	1	204.619800967787
Gene47	Gene47	58.0695331100934	1	58.0695331100934	1	58.0695331100934	1	58.0695331100934
Gene48	Gene48	257.555854228327	1	257.555854228327	1	257.555854228327	1	257.555854228327
Gene49	Gene49	8.20867759644086	1	8.20867759644086	1	8.20867759644086	1	8.20867759644086
Gene50	Gene50	0.0135028343262252	1	0.0135028343262252	1	0.0135028343262252	1	0.0135028343262252
Gene51	Gene51	116.036691303642	1	116.036691303642	1	116.036691303642	1	116.036691303642
Gene52	Gene52	0.00799368030309936	1	0.00799368030309936	1	0.00799368030309936	1	0.00799368030309936
Gene53	Gene53	166.282874473618	1	166.282874473618	1	166.282874473618	0.427973703166558	71.1646975616544
Gene54	Gene54	65.9394862218183	1	65.9394862218183	1	65.9394862218183	1	65.9394862218183
Gene55	Gene55	0.168828572586322	1	0.168828572586322	1	0.168828572586322	1	0.168828572586322
Gene56	Gene56	4.3885355274822	1	4.3885355274822	1	4.3885355274822	1	4.3885355274822
Gene57	Gene57	15.1239485046475	1	15.1239485046475	1	15.1239485046475	1	15.1239485046475
Gene58	Gene58	221.818012018172	1	221.818012018172	1	221.818012018172	1.10009276480386	244.020390124366
Gene59	Gene59	447.986560447449	1	447.986560447449	1	447.986560447449	1	447.986560447449
Gene60	Gene60	349.568064443843	1	349.568064443843	1.00598849933787	351.661452566306	1	349.568064443843
Gene61	Gene61	378.09107928792	1	378.09107928792	0.66643712560561	251.973932097764	1	378.09107928792
Gene62	Gene62	17.9843017848775	1	17.9843017848775	1	17.9843017848775	1	17.9843017848775
Gene63	Gene63	37.8573536687852	1	37.8573536687852	1	37.8573536687852	1	37.8573536687852
Gene64	Gene64	33.7745302361507	1	33.7745302361507	1	33.7745302361507	1	33.7745302361507
Gene65	Gene65	2.30705602458761	1	2.30705602458761	0.691978261189734	1.59643261636143	1	2.30705602458761
Gene66	Gene66	1.08862225842134	1	1.08862225842134	1.85713056296623	2.02171366763959	1	1.08862225842134
Gene67	Gene67	19.0267632313257	1	19.0267632313257	1	19.0267632313257	1	19.0267632313257
Gene68	Gene68	0.486180304994934	1	0.486180304994934	1	0.486180304994934	1	0.486180304994934
Gene69	Gene69	415.912381213676	1	415.912381213676	1	415.912381213676	1	415.912381213676
Gene70	Gene70	35.7143327762421	1	35.7143327762421	1	35.7143327762421	1	35.7143327762421
Gene71	Gene71	0.153003493393652	1	0.153003493393652	1	0.153003493393652	1	0.153003493393652
Gene72	Gene72	0.643527428669885	1	0.643527428669885	1.16755199830179	0.751351735305537	1	0.643527428669885
Gene73	Gene73	17.7092211243861	1	17.7092211243861	1	17.7092211243861	1	17.7092211243861
Gene74	Gene74	3.89573560191159	1	3.89573560191159	1	3.89573560191159	1	3.89573560191159
Gene75	Gene75	419.365204089226	1	419.365204089226	1	419.365204089226	1	419.365204089226
Gene76	Gene76	199.35841728026	1	199.35841728026	1	199.35841728026	1	199.35841728026
Gene77	Gene77	58.4768552774318	1	58.4768552774318	1.68805492749805	98.7121436956594	1	58.4768552774318
Gene78	Gene78	17.8114255387196	1	17.8114255387196	1.52816006997706	27.2187092976409	1	17.8114255387196
Gene79	Gene79	86.6739130662824	1	86.6739130662824	1	86.6739130662824	1	86.6739130662824
Gene80	Gene80	62.4277168329235	1	62.4277168329235	1	62.4277168329235	1	62.4277168329235
Gene81	Gene81	160.189019303256	1	160.189019303256	1	160.189019303256	1	160.189019303256
Gene82	Gene82	59.8203335751498	1	59.8203335751498	1	59.8203335751498	1	59.8203335751498
Gene83	Gene83	577.948808386428	1	577.948808386428	1	577.948808386428	1	577.948808386428
Gene84	Gene84	223.840864807795	1	223.840864807795	1	223.840864807795	1	223.840864807795
Gene85	Gene85	216.344698618867	1	216.344698618867	1	216.344698618867	1	216.344698618867
Gene86	Gene86	186.713333434789	1	186.713333434789	1.15321739162478	215.321063365236	1	186.713333434789
Gene87	Gene87	0.868049525255362	1	0.868049525255362	1	0.868049525255362	1	0.868049525255362
Gene88	Gene88	792.738393928105	1	792.738393928105	1	792.738393928105	1	792.738393928105
Gene89	Gene89	66.4234595258505	1	66.4234595258505	1	66.4234595258505	1	66.4234595258505
Gene90	Gene90	3.06137725025533	1	3.06137725025533	1	3.06137725025533	1	3.06137725025533
Gene91	Gene91	411.584414811542	1	411.584414811542	1	411.584414811542	1	411.584414811542
Gene92	Gene92	124.89718606769	1	124.89718606769	1	124.89718606769	1	124.89718606769
Gene93	Gene93	1215.34188877423	1	1215.34188877423	1	1215.34188877423	1.00049166043472	1215.9394242956
Gene94	Gene94	42.1473021405729	1	42.1473021405729	1	42.1473021405729	1	42.1473021405729
Gene95	Gene95	12.0901584811253	1	12.0901584811253	1.03978771530215	12.5711982647302	1	12.0901584811253
Gene96	Gene96	1.16212862509692	1	1.16212862509692	1	1.16212862509692	1	1.16212862509692
Gene97	Gene97	52.9573312289332	1	52.9573312289332	1	52.9573312289332	1.1022358239043	58.3714676188961
Gene98	Gene98	0.227938386818952	1	0.227938386818952	1.24271182050575	0.283261727646924	1	0.227938386818952
Gene99	Gene99	4.75467367414349	1	4.75467367414349	1	4.75467367414349	1	4.75467367414349
Gene100	Gene100	196.825532323606	1	196.825532323606	1	196.825532323606	1	196.825532323606
Gene101	Gene101	96.3979156695508	1	96.3979156695508	1	96.3979156695508	1	96.3979156695508
Gene102	Gene102	117.226981855225	1	117.226981855225	1.05745507479214	123.962266865374	1	117.226981855225
Gene103	Gene103	49.6885471155738	1	49.6885471155738	1	49.6885471155738	1	49.6885471155738
Gene104	Gene104	107.60825032577	1	107.60825032577	1	107.60825032577	1	107.60825032577
Gene105	Gene105	1.99901550732306	1	1.99901550732306	1	1.99901550732306	1	1.99901550732306
Gene106	Gene106	616.356373345416	1	616.356373345416	1	616.356373345416	1	616.356373345416
Gene107	Gene107	137.07656314203	1	137.07656314203	1	137.07656314203	1	137.07656314203
Gene108	Gene108	40.3518993908779	1	40.3518993908779	1	40.3518993908779	1	40.3518993908779
Gene109	Gene109	17.2045687818786	1	17.2045687818786	1	17.2045687818786	1	17.2045687818786
Gene110	Gene110	321.556053983347	1	321.556053983347	1	321.556053983347	1	321.556053983347
Gene111	Gene111	2.93774771776003	1	2.93774771776003	1	2.93774771776003	1	2.93774771776003
Gene112	Gene112	56.9494185310914	1	56.9494185310914	1	56.9494185310914	1	56.9494185310914
Gene113	Gene113	14.0104141092698	1	14.0104141092698	1	14.0104141092698	1	14.0104141092698
Gene114	Gene114	96.7265218454209	1	96.7265218454209	1	96.7265218454209	1	96.7265218454209
Gene115	Gene115	84.0627258969962	1	84.0627258969962	1	84.0627258969962	1	84.0627258969962
Gene116	Gene116	6.37270951533427	1	6.37270951533427	1	6.37270951533427	1	6.37270951533427
Gene117	Gene117	113.876479527555	1	113.876479527555	1	113.876479527555	1	113.876479527555
Gene118	Gene118	71.7662895218989	1	71.7662895218989	1	71.7662895218989	1	71.7662895218989
Gene119	Gene119	82.140468465647	1	82.140468465647	1	82.140468465647	1	82.140468465647
Gene120	Gene120	3.56594346538082	1	3.56594346538082	1	3.56594346538082	1	3.56594346538082
Gene121	Gene121	0.725284868837535	1	0.725284868837535	1	0.725284868837535	1	0.725284868837535
Gene122	Gene122	183.242775510569	1	183.242775510569	1	183.242775510569	1	183.242775510569
Gene123	Gene123	227.701649113863	1	227.701649113863	1.53849320185862	350.317439213676	1	227.701649113863
Gene124	Gene124	143.684469906589	1	143.684469906589	1	143.684469906589	1	143.684469906589
Gene125	Gene125	4.71302280801218	1	4.71302280801218	1	4.71302280801218	1	4.71302280801218
Gene126	Gene126	1.26054152463431	1	1.26054152463431	1.38383285397125	1.74437877558396	1	1.26054152463431
Gene127	Gene127	0.910628152618794	1	0.910628152618794	1	0.910628152618794	1	0.910628152618794
Gene128	Gene128	70.7930669190243	1	70.7930669190243	1	70.7930669190243	1	70.7930669190243
Gene129	Gene129	317.957735051316	1	317.957735051316	1	317.957735051316	0.998654513783344	317.529927301325
Gene130	Gene130	68.6759414961029	1	68.6759414961029	1	68.6759414961029	1	68.6759414961029
Gene131	Gene131	773.384660081955	1	773.384660081955	1	773.384660081955	1	773.384660081955
Gene132	Gene132	86.5392296586107	1	86.5392296586107	1	86.5392296586107	2.18684017642948	189.247464254708
Gene133	Gene133	6.9037734016878	1	6.9037734016878	1	6.9037734016878	1	6.9037734016878
Gene134	Gene134	0.0519237471818102	1	0.0519237471818102	1	0.0519237471818102	1	0.0519237471818102
Gene135	Gene135	18.4896568093949	1	18.4896568093949	1	18.4896568093949	1	18.4896568093949
Gene136	Gene136	3.64955108952726	1	3.64955108952726	1	3.64955108952726	1	3.64955108952726
Gene137	Gene137	2.92067255493154	1	2.92067255493154	1	2.92067255493154	1	2.92067255493154
Gene138	Gene138	30.7391182144916	1	30.7391182144916	1	30.7391182144916	1	30.7391182144916
Gene139	Gene139	109.706479961649	1	109.706479961649	1	109.706479961649	1	109.706479961649
Gene140	Gene140	26.5010795651712	1	26.5010795651712	1	26.5010795651712	1	26.5010795651712
Gene141	Gene141	77.0372342425029	1	77.0372342425029	1	77.0372342425029	1	77.0372342425029
Gene142	Gene142	3.64349943097264	1	3.64349943097264	1	3.64349943097264	1	3.64349943097264
Gene143	Gene143	6.72914322554277	1	6.72914322554277	1	6.72914322554277	1	6.72914322554277
Gene144	Gene144	40.2260884627797	1	40.2260884627797	1	40.2260884627797	1	40.2260884627797
Gene145	Gene145	0.359585623390148	1	0.359585623390148	1	0.359585623390148	1	0.359585623390148
Gene146	Gene146	143.999208463109	1	143.999208463109	1	143.999208463109	1	143.999208463109
Gene147	Gene147	24.4073523661748	1	24.4073523661748	1.71808654121982	41.9339436071347	1	24.4073523661748
Gene148	Gene148	497.222188625071	1	497.222188625071	1	497.222188625071	1	497.222188625071
Gene149	Gene149	163.258074087986	1	163.258074087986	1	163.258074087986	1	163.258074087986
Gene150	Gene150	4.87581604160256	1	4.87581604160256	1.80813712349749	8.81614399216618	1	4.87581604160256
Gene151	Gene151	1.59022032918956	1	1.59022032918956	1	1.59022032918956	1	1.59022032918956
Gene152	Gene152	244.886692815613	1	244.886692815613	1	244.886692815613	0.99916708402218	244.682722776411
Gene153	Gene153	6.01140490580103	1	6.01140490580103	1	6.01140490580103	1	6.01140490580103
Gene154	Gene154	263.817105289011	1	263.817105289011	1	263.817105289011	1	263.817105289011
Gene155	Gene155	36.0413519672735	1	36.0413519672735	1	36.0413519672735	1	36.0413519672735
Gene156	Gene156	61.6953413213791	1	61.6953413213791	1	61.6953413213791	1	61.6953413213791
Gene157	Gene157	188.129364154763	1	188.129364154763	1	188.129364154763	1	188.129364154763
Gene158	Gene158	208.348306632768	1	208.348306632768	1	208.348306632768	1	208.348306632768
Gene159	Gene159	0.176481450456328	1	0.176481450456328	1	0.176481450456328	1	0.176481450456328
Gene160	Gene160	318.911644223338	1	318.911644223338	1	318.911644223338	1	318.911644223338
Gene161	Gene161	19.1454806216915	1	19.1454806216915	1	19.1454806216915	1	19.1454806216915
Gene162	Gene162	0.0956914401471916	1	0.0956914401471916	1	0.0956914401471916	1	0.0956914401471916
Gene163	Gene163	21.8965930963969	1	21.8965930963969	1	21.8965930963969	1	21.8965930963969
Gene164	Gene164	21.6270297508489	1	21.6270297508489	1	21.6270297508489	1.74288323758592	37.6933876315264
Gene165	Gene165	93.3039191858004	1	93.3039191858004	1	93.3039191858004	1	93.3039191858004
Gene166	Gene166	138.6116073842	1	138.6116073842	1	138.6116073842	1	138.6116073842
Gene167	Gene167	167.963700724137	1	167.963700724137	1	167.963700724137	1	167.963700724137
Gene168	Gene168	5.68723769523001	1	5.68723769523001	0.582691449858266	3.31390477832216	1	5.68723769523001
Gene169	Gene169	3.90120509369482	1	3.90120509369482	1	3.90120509369482	1	3.90120509369482
Gene170	Gene170	5.35985720602364	1	5.35985720602364	1	5.35985720602364	1	5.35985720602364
Gene171	Gene171	462.94506646973	1	462.94506646973	1	462.94506646973	1	462.94506646973
Gene172	Gene172	24.5924254086217	1	24.5924254086217	1	24.5924254086217	1	24.5924254086217
Gene173	Gene173	28.7097747035072	1	28.7097747035072	1	28.7097747035072	1	28.7097747035072
Gene174	Gene174	506.749778896201	1	506.749778896201	1	506.749778896201	1	506.749778896201
Gene175	Gene175	18.6261629127597	1	18.6261629127597	1.45022526148995	27.0121319807114	1	18.6261629127597
Gene176	Gene176	3.87449198372852	1	3.87449198372852	1	3.87449198372852	1	3.87449198372852
Gene177	Gene177	96.7711125957766	1	96.7711125957766	1	96.7711125957766	1	96.7711125957766
Gene178	Gene178	9.14572677016785	1	9.14572677016785	1	9.14572677016785	1	9.14572677016785
Gene179	Gene179	76.7971294688594	1	76.7971294688594	0.507643790393847	38.9855858949388	1	76.7971294688594
Gene180	Gene180	486.877885114102	1	486.877885114102	1	486.877885114102	1	486.877885114102
Gene181	Gene181	140.329073069382	1	140.329073069382	1	140.329073069382	1	140.329073069382
Gene182	Gene182	33.6440625771885	1	33.6440625771885	1	33.6440625771885	1.41848994621644	47.7237645156186
Gene183	Gene183	0.210940505881964	1	0.210940505881964	1	0.210940505881964	1	0.210940505881964
Gene184	Gene184	29.6354967320993	1	29.6354967320993	1	29.6354967320993	1	29.6354967320993
Gene185	Gene185	20.5269190583086	1	20.5269190583086	1	20.5269190583086	1	20.5269190583086
Gene186	Gene186	325.630414113891	1	325.630414113891	1	325.630414113891	1	325.630414113891
Gene187	Gene187	20.425748976379	1	20.425748976379	1	20.425748976379	1	20.425748976379
Gene188	Gene188	122.631056048896	1	122.631056048896	1	122.631056048896	1	122.631056048896
Gene189	Gene189	344.48354057396	1	344.48354057396	1.57765045127993	543.474613245015	1	344.48354057396
Gene190	Gene190	410.36922772466	1	410.36922772466	1	410.36922772466	1	410.36922772466
Gene191	Gene191	284.940875520442	1	284.940875520442	1	284.940875520442	1	284.940875520442
Gene192	Gene192	121.468536623248	1	121.468536623248	1	121.468536623248	1	121.468536623248
Gene193	Gene193	81.2670395011021	1	81.2670395011021	1	81.2670395011021	1	81.2670395011021
Gene194	Gene194	0.00362832789214785	1	0.00362832789214785	1	0.00362832789214785	1	0.00362832789214785
Gene195	Gene195	9.80495401500057	1	9.80495401500057	1.22259504211417	11.9874881668971	1	9.80495401500057
Gene196	Gene196	35.3531620619378	1	35.3531620619378	1	35.3531620619378	1	35.3531620619378
Gene197	Gene197	158.083612925976	1	158.083612925976	1	158.083612925976	1	158.083612925976
Gene198	Gene198	410.292038983763	1	410.292038983763	1	410.292038983763	1	410.292038983763
Gene199	Gene199	18.9732735934705	1	18.9732735934705	1	18.9732735934705	1	18.9732735934705
Gene200	Gene200	31.0154526052888	1	31.0154526052888	1	31.0154526052888	1	31.0154526052888
Gene201	Gene201	35.5639605393655	1	35.5639605393655	1	35.5639605393655	1	35.5639605393655
Gene202	Gene202	0.00409440571000848	1	0.00409440571000848	1	0.00409440571000848	0.47909473210539	0.0019616082067673
Gene203	Gene203	32.4401624326081	1	32.4401624326081	1	32.4401624326081	1.23569186554458	40.0860448349188
Gene204	Gene204	0.451238038862739	1	0.451238038862739	1	0.451238038862739	1.33748463021431	0.60352394154696
Gene205	Gene205	120.444887194313	1	120.444887194313	1	120.444887194313	1	120.444887194313
Gene206	Gene206	85.8199122849089	1	85.8199122849089	1	85.8199122849089	1	85.8199122849089
Gene207	Gene207	488.318121656318	1	488.318121656318	1	488.318121656318	1	488.318121656318
Gene208	Gene208	48.6532450964274	1	48.6532450964274	1	48.6532450964274	1	48.6532450964274
Gene209	Gene209	65.1953845182645	1	65.1953845182645	1	65.1953845182645	1	65.1953845182645
Gene210	Gene210	32.4895841040098	1	32.4895841040098	1	32.4895841040098	1	32.4895841040098
Gene211	Gene211	434.819976872114	1	434.819976872114	1	434.819976872114	1	434.819976872114
Gene212	Gene212	7.09166873388043	1	7.09166873388043	1	7.09166873388043	1	7.09166873388043
Gene213	Gene213	131.30118636531	1	131.30118636531	1	131.30118636531	1	131.30118636531
Gene214	Gene214	90.3237478809751	1	90.3237478809751	1	90.3237478809751	1	90.3237478809751
Gene215	Gene215	26.8048582087384	1	26.8048582087384	1	26.8048582087384	1	26.8048582087384
Gene216	Gene216	78.7087000573581	1	78.7087000573581	1	78.7087000573581	1	78.7087000573581
Gene217	Gene217	81.9838776358837	1	81.9838776358837	1	81.9838776358837	1	81.9838776358837
Gene218	Gene218	64.4811783824569	1	64.4811783824569	1	64.4811783824569	1	64.4811783824569
Gene219	Gene219	101.255992834703	1	101.255992834703	1	101.255992834703	1.36363502126971	138.076217942835
Gene220	Gene220	12.5857549197489	1	12.5857549197489	1	12.5857549197489	1	12.5857549197489
Gene221	Gene221	7.96442446755228	1	7.96442446755228	1.62113634722537	12.91141798908	1	7.96442446755228
Gene222	Gene222	69.6625931326252	1	69.6625931326252	1	69.6625931326252	1	69.6625931326252
Gene223	Gene223	0.152504487739721	1	0.152504487739721	1	0.152504487739721	1	0.152504487739721
Gene224	Gene224	144.545677058679	1	144.545677058679	1	144.545677058679	1	144.545677058679
Gene225	Gene225	1121.91557880691	1	1121.91557880691	1	1121.91557880691	1	1121.91557880691
Gene226	Gene226	2.78733365551169	1	2.78733365551169	1	2.78733365551169	1	2.78733365551169
Gene227	Gene227	300.276153051812	1	300.276153051812	1	300.276153051812	1	300.276153051812
Gene228	Gene228	53.0571426298475	1	53.0571426298475	1	53.0571426298475	1.10978954768482	58.8822623206274
Gene229	Gene229	955.329586165424	1	955.329586165424	1	955.329586165424	1	955.329586165424
Gene230	Gene230	4.55595252810347	1	4.55595252810347	1	4.55595252810347	0.48845232062971	2.22536558503093
Gene231	Gene231	11.2243862668864	1	11.2243862668864	1	11.2243862668864	1	11.2243862668864
Gene232	Gene232	71.6881025780527	1	71.6881025780527	1	71.6881025780527	0.978489934590907	70.146086802545
Gene233	Gene233	4.97842811372684	1	4.97842811372684	1	4.97842811372684	1	4.97842811372684
Gene234	Gene234	188.005690064668	1	188.005690064668	1	188.005690064668	1	188.005690064668
Gene235	Gene235	77.6619044312258	1	77.6619044312258	1	77.6619044312258	1	77.6619044312258
Gene236	Gene236	196.14317465738	1	196.14317465738	1	196.14317465738	1	196.14317465738
Gene237	Gene237	4.08224074979806	1	4.08224074979806	1	4.08224074979806	1	4.08224074979806
Gene238	Gene238	73.1787892585089	1	73.1787892585089	1	73.1787892585089	1	73.1787892585089
Gene239	Gene239	12.0846391716964	1	12.0846391716964	1	12.0846391716964	1	12.0846391716964
Gene240	Gene240	794.840653725603	1	794.840653725603	1	794.840653725603	1	794.840653725603
Gene241	Gene241	335.691525617743	1	335.691525617743	1	335.691525617743	1	335.691525617743
Gene242	Gene242	29.8069631682825	1	29.8069631682825	1	29.8069631682825	1	29.8069631682825
Gene243	Gene243	0.43848382634614	1	0.43848382634614	1	0.43848382634614	1	0.43848382634614
Gene244	Gene244	22.262485050558	1	22.262485050558	1	22.262485050558	1.77822246984161	39.5876511514151
Gene245	Gene245	42.0080414737537	1	42.0080414737537	1	42.0080414737537	1	42.0080414737537
Gene246	Gene246	122.839517614382	1	122.839517614382	1	122.839517614382	1	122.839517614382
Gene247	Gene247	172.603672528387	1	172.603672528387	1	172.603672528387	1	172.603672528387
Gene248	Gene248	54.3369443488898	1	54.3369443488898	1	54.3369443488898	1	54.3369443488898
Gene249	Gene249	47.9330217281517	1	47.9330217281517	1	47.9330217281517	1	47.9330217281517
Gene250	Gene250	351.190974892829	1	351.190974892829	1	351.190974892829	1	351.190974892829
Gene251	Gene251	152.306110780182	1	152.306110780182	1	152.306110780182	1	152.306110780182
Gene252	Gene252	18.3916017903237	1	18.3916017903237	1	18.3916017903237	1	18.3916017903237
Gene253	Gene253	191.654339061582	1	191.654339061582	1	191.654339061582	1	191.654339061582
Gene254	Gene254	221.594773977349	1	221.594773977349	1	221.594773977349	1	221.594773977349
Gene255	Gene255	47.0740832775684	1	47.0740832775684	1	47.0740832775684	1	47.0740832775684
Gene256	Gene256	4.34266130667229	1	4.34266130667229	1	4.34266130667229	1	4.34266130667229
Gene257	Gene257	70.5595256632598	1	70.5595256632598	1	70.5595256632598	1	70.5595256632598
Gene258	Gene258	8.36007097721344	1	8.36007097721344	1	8.36007097721344	1.03842035579118	8.68126787859749
Gene259	Gene259	5.7243438911507	1	5.7243438911507	1	5.7243438911507	1	5.7243438911507
Gene260	Gene260	117.831959002677	1	117.831959002677	1	117.831959002677	1	117.831959002677
Gene261	Gene261	325.699006654053	1	325.699006654053	1	325.699006654053	1	325.699006654053
Gene262	Gene262	34.8726563451584	1	34.8726563451584	1	34.8726563451584	1	34.8726563451584
Gene263	Gene263	78.2611897757856	1	78.2611897757856	1	78.2611897757856	1	78.2611897757856
Gene264	Gene264	73.9167330587309	1	73.9167330587309	1	73.9167330587309	1	73.9167330587309
Gene265	Gene265	265.95359557556	1	265.95359557556	1	265.95359557556	1	265.95359557556
Gene266	Gene266	186.9245658368	1	186.9245658368	1	186.9245658368	1	186.9245658368
Gene267	Gene267	0.775630859741697	1	0.775630859741697	1	0.775630859741697	1	0.775630859741697
Gene268	Gene268	0.00429200268239929	1	0.00429200268239929	1	0.00429200268239929	1	0.00429200268239929
Gene269	Gene269	37.1187525683012	1	37.1187525683012	1	37.1187525683012	1	37.1187525683012
Gene270	Gene270	57.0246821869101	1	57.0246821869101	1	57.0246821869101	1	57.0246821869101
Gene271	Gene271	22.38615800623	1	22.38615800623	1	22.38615800623	1	22.38615800623
Gene272	Gene272	81.6240896501982	1	81.6240896501982	1	81.6240896501982	1	81.6240896501982
Gene273	Gene273	0.0957046774991394	1	0.0957046774991394	1	0.0957046774991394	1	0.0957046774991394
Gene274	Gene274	47.0207806219573	1	47.0207806219573	1	47.0207806219573	1	47.0207806219573
Gene275	Gene275	169.017567364089	1	169.017567364089	1	169.017567364089	1	169.017567364089
Gene276	Gene276	0.146057689360919	1	0.146057689360919	1	0.146057689360919	1	0.146057689360919
Gene277	Gene277	641.583994696085	1	641.583994696085	1	641.583994696085	1	641.583994696085
Gene278	Gene278	2.3942513023314	1	2.3942513023314	1	2.3942513023314	1.491065525854	3.56998557713741
Gene279	Gene279	5.20701444809406e-05	1	5.20701444809406e-05	0.900202304713802	4.68736640685233e-05	0.761610902562112	3.96571897346687e-05
Gene280	Gene280	9.63051863092158	1	9.63051863092158	1	9.63051863092158	1	9.63051863092158
Gene281	Gene281	1.01462322388334	1	1.01462322388334	1	1.01462322388334	1	1.01462322388334
Gene282	Gene282	110.445128586464	1	110.445128586464	1	110.445128586464	1	110.445128586464
Gene283	Gene283	9.222501271631	1	9.222501271631	1	9.222501271631	1	9.222501271631
Gene284	Gene284	304.76204871599	1	304.76204871599	1	304.76204871599	1	304.76204871599
Gene285	Gene285	81.7968641094265	1	81.7968641094265	1	81.7968641094265	1	81.7968641094265
Gene286	Gene286	249.964489907038	1	249.964489907038	1	249.964489907038	1	249.964489907038
Gene287	Gene287	32.0225412797688	1	32.0225412797688	1	32.0225412797688	1	32.0225412797688
Gene288	Gene288	35.9549797082823	1	35.9549797082823	1	35.9549797082823	1	35.9549797082823
Gene289	Gene289	60.2256574648563	1	60.2256574648563	1	60.2256574648563	1	60.2256574648563
Gene290	Gene290	6.47650441535088	1	6.47650441535088	1	6.47650441535088	1	6.47650441535088
Gene291	Gene291	78.3891512993342	1	78.3891512993342	3.12165730297676	244.704066627717	1	78.3891512993342
Gene292	Gene292	0.405419076462284	1	0.405419076462284	1	0.405419076462284	1	0.405419076462284
Gene293	Gene293	108.656880122041	1	108.656880122041	1	108.656880122041	1	108.656880122041
Gene294	Gene294	0.0623083756897145	1	0.0623083756897145	1	0.0623083756897145	1	0.0623083756897145
Gene295	Gene295	244.644638311596	1	244.644638311596	1	244.644638311596	1	244.644638311596
Gene296	Gene296	218.394180612377	1	218.394180612377	1	218.394180612377	1	218.394180612377
Gene297	Gene297	0.0951476582879501	1	0.0951476582879501	1	0.0951476582879501	1	0.0951476582879501
Gene298	Gene298	460.793028549369	1	460.793028549369	1	460.793028549369	1	460.793028549369
Gene299	Gene299	35.5722261192112	1	35.5722261192112	1	35.5722261192112	1	35.5722261192112
Gene300	Gene300	19.9562920448271	1	19.9562920448271	1	19.9562920448271	1	19.9562920448271
Gene301	Gene301	29.8415366368342	1	29.8415366368342	1	29.8415366368342	1	29.8415366368342
Gene302	Gene302	143.656174451434	1	143.656174451434	0.736837463742734	105.851251233779	1	143.656174451434
Gene303	Gene303	127.714361875862	1	127.714361875862	1.63302156251308	208.560306785882	1	127.714361875862
Gene304	Gene304	5.09931571091673	1	5.09931571091673	1	5.09931571091673	1	5.09931571091673
Gene305	Gene305	93.071109711893	1	93.071109711893	1	93.071109711893	1.99806279223939	185.961921347764
Gene306	Gene306	115.86962634363	1	115.86962634363	1.02818712598347	119.135658099035	1	115.86962634363
Gene307	Gene307	0.00671736845279363	1	0.00671736845279363	1	0.00671736845279363	1	0.00671736845279363
Gene308	Gene308	146.344358453186	1	146.344358453186	1.15603677912537	169.179460789389	1	146.344358453186
Gene309	Gene309	0.000228306240487427	1	0.000228306240487427	1	0.000228306240487427	1.03708521722677	0.000236773027010132
Gene310	Gene310	150.756552275402	1	150.756552275402	1	150.756552275402	1	150.756552275402
Gene311	Gene311	45.006702036186	1	45.006702036186	1	45.006702036186	1	45.006702036186
Gene312	Gene312	166.581046429814	1	166.581046429814	1	166.581046429814	1	166.581046429814
Gene313	Gene313	474.352612591966	1	474.352612591966	1	474.352612591966	2.40516162639551	1140.89470118665
Gene314	Gene314	89.295719142613	1	89.295719142613	1	89.295719142613	0.688754040808799	61.5027873864024
Gene315	Gene315	17.9065023989723	1	17.9065023989723	1	17.9065023989723	1	17.9065023989723
Gene316	Gene316	45.0032119889757	1	45.0032119889757	1	45.0032119889757	1	45.0032119889757
Gene317	Gene317	131.847256917354	1	131.847256917354	1	131.847256917354	1	131.847256917354
Gene318	Gene318	3.55711883235772	1	3.55711883235772	1	3.55711883235772	1	3.55711883235772
Gene319	Gene319	0.183527400330151	1	0.183527400330151	1	0.183527400330151	1	0.183527400330151
Gene320	Gene320	7.92268946490669	1	7.92268946490669	1	7.92268946490669	1	7.92268946490669
Gene321	Gene321	2.30077016963601	1	2.30077016963601	1	2.30077016963601	1	2.30077016963601
Gene322	Gene322	90.7069945979023	1	90.7069945979023	1	90.7069945979023	1	90.7069945979023
Gene323	Gene323	26.7743712203922	1	26.7743712203922	0.714360571521353	19.1265551271242	1	26.7743712203922
Gene324	Gene324	1149.11007023743	1	1149.11007023743	1	1149.11007023743	2.13801183606733	2456.81093111179
Gene325	Gene325	81.899976627884	1	81.899976627884	1	81.899976627884	1	81.899976627884
Gene326	Gene326	131.605162554984	1	131.605162554984	1	131.605162554984	1	131.605162554984
Gene327	Gene327	14.0363015577098	1	14.0363015577098	1	14.0363015577098	1	14.0363015577098
Gene328	Gene328	39.1898373494117	1	39.1898373494117	1	39.1898373494117	1	39.1898373494117
Gene329	Gene329	0.0027663717957704	1	0.0027663717957704	1	0.0027663717957704	1	0.0027663717957704
Gene330	Gene330	0.115396297924603	1	0.115396297924603	1	0.115396297924603	1	0.115396297924603
Gene331	Gene331	32.2450532272657	1	32.2450532272657	1	32.2450532272657	1	32.2450532272657
Gene332	Gene332	0.109016575159894	1	0.109016575159894	1.01443268977606	0.110589977569625	1	0.109016575159894
Gene333	Gene333	172.447081673214	1	172.447081673214	0.469474845248123	80.9595669820227	0.918260161573363	158.351285080101
Gene334	Gene334	308.487631762458	1	308.487631762458	1	308.487631762458	0.761180355140708	234.814725101464
Gene335	Gene335	188.981378347176	1	188.981378347176	1	188.981378347176	1	188.981378347176
Gene336	Gene336	124.938089680896	1	124.938089680896	1	124.938089680896	1	124.938089680896
Gene337	Gene337	88.0528880403912	1	88.0528880403912	0.735181223599416	64.7348299709972	1	88.0528880403912
Gene338	Gene338	10.3759594487712	1	10.3759594487712	1	10.3759594487712	1	10.3759594487712
Gene339	Gene339	47.4137534110555	1	47.4137534110555	1	47.4137534110555	1	47.4137534110555
Gene340	Gene340	357.609248472714	1	357.609248472714	1	357.609248472714	1	357.609248472714
Gene341	Gene341	32.300126357719	1	32.300126357719	1	32.300126357719	1	32.300126357719
Gene342	Gene342	1.26885695681319	1	1.26885695681319	1	1.26885695681319	1	1.26885695681319
Gene343	Gene343	293.007084457738	1	293.007084457738	1.10664064264018	324.253548242437	1	293.007084457738
Gene344	Gene344	73.8013825083203	1	73.8013825083203	1	73.8013825083203	1	73.8013825083203
Gene345	Gene345	32.0036418159914	1	32.0036418159914	1	32.0036418159914	1	32.0036418159914
Gene346	Gene346	239.476848253678	1	239.476848253678	1	239.476848253678	1	239.476848253678
Gene347	Gene347	411.116880725058	1	411.116880725058	1	411.116880725058	1	411.116880725058
Gene348	Gene348	92.0415898393598	1	92.0415898393598	1	92.0415898393598	1	92.0415898393598
Gene349	Gene349	123.481828700819	1	123.481828700819	1	123.481828700819	1	123.481828700819
Gene350	Gene350	194.707335822795	1	194.707335822795	1	194.707335822795	1	194.707335822795
Gene351	Gene351	118.232846779639	1	118.232846779639	1	118.232846779639	1	118.232846779639
Gene352	Gene352	190.313221385667	1	190.313221385667	1	190.313221385667	1	190.313221385667
Gene353	Gene353	21.5620646362428	1	21.5620646362428	1	21.5620646362428	1	21.5620646362428
Gene354	Gene354	115.934208966547	1	115.934208966547	1	115.934208966547	0.882940830061517	102.363046697449
Gene355	Gene355	66.7539641550338	1	66.7539641550338	1	66.7539641550338	1	66.7539641550338
Gene356	Gene356	64.45148138404	1	64.45148138404	1	64.45148138404	1	64.45148138404
Gene357	Gene357	16.737663222686	1	16.737663222686	1	16.737663222686	1	16.737663222686
Gene358	Gene358	2.02090826881663	1	2.02090826881663	1	2.02090826881663	1	2.02090826881663
Gene359	Gene359	0.0612562628432685	1	0.0612562628432685	1.43487733848364	0.0878952233940035	1.98469039888212	0.121574716736435
Gene360	Gene360	90.1147210078154	1	90.1147210078154	1	90.1147210078154	1	90.1147210078154
Gene361	Gene361	56.8854412155422	1	56.8854412155422	1	56.8854412155422	1	56.8854412155422
Gene362	Gene362	0.130336535255986	1	0.130336535255986	1	0.130336535255986	1	0.130336535255986
Gene363	Gene363	184.966811656603	1	184.966811656603	1	184.966811656603	1.66750947502621	308.433911002774
Gene364	Gene364	61.2560631153877	1	61.2560631153877	0.83511701863512	51.1559808022474	1	61.2560631153877
Gene365	Gene365	581.953815606927	1	581.953815606927	1	581.953815606927	1	581.953815606927
Gene366	Gene366	5.72673178826175	1	5.72673178826175	2.5615821110563	14.6694937036288	1	5.72673178826175
Gene367	Gene367	47.1002281855747	1	47.1002281855747	1	47.1002281855747	1	47.1002281855747
Gene368	Gene368	0.594536908056292	1	0.594536908056292	1	0.594536908056292	1	0.594536908056292
Gene369	Gene369	10.7089295279498	1	10.7089295279498	1	10.7089295279498	1	10.7089295279498
Gene370	Gene370	90.2903232110543	1	90.2903232110543	1	90.2903232110543	1	90.2903232110543
Gene371	Gene371	544.440657636711	1	544.440657636711	1	544.440657636711	1	544.440657636711
Gene372	Gene372	1.00354864539467	1	1.00354864539467	1	1.00354864539467	2.41640892123193	2.42498389962191
Gene373	Gene373	1.62745579198858	1	1.62745579198858	1.03251849915752	1.68037821178926	1	1.62745579198858
Gene374	Gene374	268.588790395673	1	268.588790395673	1	268.588790395673	1	268.588790395673
Gene375	Gene375	9.88758568216147	1	9.88758568216147	1	9.88758568216147	1	9.88758568216147
Gene376	Gene376	79.3306344376414	1	79.3306344376414	1	79.3306344376414	1	79.3306344376414
Gene377	Gene377	124.12448132735	1	124.12448132735	1.3405981839807	166.401054254991	1	124.12448132735
Gene378	Gene378	19.9866613959573	1	19.9866613959573	1	19.9866613959573	1	19.9866613959573
Gene379	Gene379	1.23904179108081e-05	1	1.23904179108081e-05	1	1.23904179108081e-05	1	1.23904179108081e-05
Gene380	Gene380	738.689879007037	1	738.689879007037	1	738.689879007037	1	738.689879007037
Gene381	Gene381	205.548145562814	1	205.548145562814	1	205.548145562814	1	205.548145562814
Gene382	Gene382	527.687923096734	1	527.687923096734	1	527.687923096734	1	527.687923096734
Gene383	Gene383	193.293087452279	1	193.293087452279	1	193.293087452279	1.31656604807336	254.483116266945
Gene384	Gene384	6.26737927313023	1	6.26737927313023	1	6.26737927313023	1	6.26737927313023
Gene385	Gene385	241.237736640871	1	241.237736640871	1	241.237736640871	1	241.237736640871
Gene386	Gene386	1.66572767386733	1	1.66572767386733	1	1.66572767386733	1	1.66572767386733
Gene387	Gene387	143.767874566792	1	143.767874566792	1	143.767874566792	1	143.767874566792
Gene388	Gene388	30.5922132042616	1	30.5922132042616	1	30.5922132042616	1	30.5922132042616
Gene389	Gene389	2.80824982013611	1	2.80824982013611	1	2.80824982013611	1	2.80824982013611
Gene390	Gene390	0.00729403095313069	1	0.00729403095313069	1	0.00729403095313069	1.5774247828021	0.011505785191994
Gene391	Gene391	136.674414877228	1	136.674414877228	1	136.674414877228	1	136.674414877228
Gene392	Gene392	0.055096759783339	1	0.055096759783339	1	0.055096759783339	1	0.055096759783339
Gene393	Gene393	2.44395453269706	1	2.44395453269706	1	2.44395453269706	1	2.44395453269706
Gene394	Gene394	89.7938793466774	1	89.7938793466774	1	89.7938793466774	1	89.7938793466774
Gene395	Gene395	0.108944331437552	1	0.108944331437552	1	0.108944331437552	1	0.108944331437552
Gene396	Gene396	31.8158987347028	1	31.8158987347028	1	31.8158987347028	1	31.8158987347028
Gene397	Gene397	375.300742059578	1	375.300742059578	1	375.300742059578	1	375.300742059578
Gene398	Gene398	168.213829122205	1	168.213829122205	1.30260817317901	219.116708656322	1	168.213829122205
Gene399	Gene399	343.364998520436	1	343.364998520436	1	343.364998520436	1	343.364998520436
Gene400	Gene400	0.0637324942868938	1	0.0637324942868938	1	0.0637324942868938	1	0.0637324942868938
Gene401	Gene401	184.204169059996	1	184.204169059996	1	184.204169059996	1	184.204169059996
Gene402	Gene402	3.46617620688045	1	3.46617620688045	0.688823618776672	2.38758403814099	1	3.46617620688045
Gene403	Gene403	21.3874002583815	1	21.3874002583815	1.17878363165143	25.2111173481578	1	21.3874002583815
Gene404	Gene404	12.583673913036	1	12.583673913036	1	12.583673913036	1.50811368505738	18.9776108365491
Gene405	Gene405	971.719741291563	1	971.719741291563	1	971.719741291563	1	971.719741291563
Gene406	Gene406	32.4659043402805	1	32.4659043402805	1	32.4659043402805	1	32.4659043402805
Gene407	Gene407	197.120744607424	1	197.120744607424	1.32157346419673	260.509545315873	1	197.120744607424
Gene408	Gene408	135.208134874008	1	135.208134874008	1	135.208134874008	1	135.208134874008
Gene409	Gene409	793.717700305502	1	793.717700305502	1	793.717700305502	1	793.717700305502
Gene410	Gene410	157.795216904527	1	157.795216904527	1	157.795216904527	1	157.795216904527
Gene411	Gene411	2.1790607146615	1	2.1790607146615	1	2.1790607146615	1	2.1790607146615
Gene412	Gene412	23.0843263583964	1	23.0843263583964	1	23.0843263583964	1	23.0843263583964
Gene413	Gene413	31.0921822288103	1	31.0921822288103	1	31.0921822288103	1	31.0921822288103
Gene414	Gene414	680.884651518806	1	680.884651518806	1	680.884651518806	1	680.884651518806
Gene415	Gene415	9.64849450866325	1	9.64849450866325	1	9.64849450866325	1	9.64849450866325
Gene416	Gene416	192.025998814781	1	192.025998814781	1	192.025998814781	0.866035031286522	166.301241891384
Gene417	Gene417	29.2020989320681	1	29.2020989320681	1	29.2020989320681	1	29.2020989320681
Gene418	Gene418	15.5267558707749	1	15.5267558707749	1	15.5267558707749	1	15.5267558707749
Gene419	Gene419	0.0168396404244868	1	0.0168396404244868	1	0.0168396404244868	1	0.0168396404244868
Gene420	Gene420	32.6675408889006	1	32.6675408889006	1	32.6675408889006	1	32.6675408889006
Gene421	Gene421	57.6458861726675	1	57.6458861726675	1	57.6458861726675	1	57.6458861726675
Gene422	Gene422	215.18174688674	1	215.18174688674	1	215.18174688674	1	215.18174688674
Gene423	Gene423	66.1708321837502	1	66.1708321837502	1	66.1708321837502	1	66.1708321837502
Gene424	Gene424	29.9954977772055	1	29.9954977772055	1.27091874331437	38.1218403400951	1.1268282512441	33.7997743054847
Gene425	Gene425	26.9430152364843	1	26.9430152364843	1	26.9430152364843	1	26.9430152364843
Gene426	Gene426	333.419927138611	1	333.419927138611	1	333.419927138611	1	333.419927138611
Gene427	Gene427	81.9277978934194	1	81.9277978934194	1	81.9277978934194	1	81.9277978934194
Gene428	Gene428	10.0000008406729	1	10.0000008406729	1	10.0000008406729	1	10.0000008406729
Gene429	Gene429	795.79280530806	1	795.79280530806	1	795.79280530806	1	795.79280530806
Gene430	Gene430	53.7442273323787	1	53.7442273323787	1	53.7442273323787	1	53.7442273323787
Gene431	Gene431	34.4997755630325	1	34.4997755630325	1	34.4997755630325	1	34.4997755630325
Gene432	Gene432	0.0378505003162887	1	0.0378505003162887	1	0.0378505003162887	1	0.0378505003162887
Gene433	Gene433	0.281238623717538	1	0.281238623717538	1	0.281238623717538	1	0.281238623717538
Gene434	Gene434	64.224232665217	1	64.224232665217	1	64.224232665217	1	64.224232665217
Gene435	Gene435	97.4958012128494	1	97.4958012128494	1	97.4958012128494	1	97.4958012128494
Gene436	Gene436	465.187026981998	1	465.187026981998	1	465.187026981998	1	465.187026981998
Gene437	Gene437	4.28528768740577	1	4.28528768740577	1.24399061241172	5.33085765461631	1	4.28528768740577
Gene438	Gene438	382.127861068249	1	382.127861068249	1	382.127861068249	1	382.127861068249
Gene439	Gene439	123.519869314453	1	123.519869314453	1	123.519869314453	1	123.519869314453
Gene440	Gene440	1.04697611236764	1	1.04697611236764	1	1.04697611236764	1	1.04697611236764
Gene441	Gene441	233.246550650046	1	233.246550650046	1.80439758276557	420.869512181349	1	233.246550650046
Gene442	Gene442	9.90368067035614	1	9.90368067035614	1	9.90368067035614	1	9.90368067035614
Gene443	Gene443	35.4584571162648	1	35.4584571162648	1	35.4584571162648	1	35.4584571162648
Gene444	Gene444	27.855193286028	1	27.855193286028	1	27.855193286028	1	27.855193286028
Gene445	Gene445	16.9289237082929	1	16.9289237082929	1	16.9289237082929	1	16.9289237082929
Gene446	Gene446	2.05452931119927	1	2.05452931119927	1	2.05452931119927	1.38648572084204	2.84857555302922
Gene447	Gene447	0.0110922124651876	1	0.0110922124651876	1	0.0110922124651876	1	0.0110922124651876
Gene448	Gene448	15.9204907465019	1	15.9204907465019	1	15.9204907465019	1	15.9204907465019
Gene449	Gene449	15.5415172068481	1	15.5415172068481	1	15.5415172068481	1	15.5415172068481
Gene450	Gene450	35.0008771534153	1	35.0008771534153	1	35.0008771534153	1	35.0008771534153
Gene451	Gene451	470.936429495715	1	470.936429495715	1	470.936429495715	1.03258412301974	486.281480048883
Gene452	Gene452	16.7531719499788	1	16.7531719499788	1	16.7531719499788	1	16.7531719499788
Gene453	Gene453	40.3858043358568	1	40.3858043358568	1.33957794646674	54.0999328386346	1	40.3858043358568
Gene454	Gene454	5.16372359154712	1	5.16372359154712	1	5.16372359154712	1	5.16372359154712
Gene455	Gene455	23.731898637818	1	23.731898637818	1	23.731898637818	1	23.731898637818
Gene456	Gene456	177.86673631074	1	177.86673631074	1	177.86673631074	1	177.86673631074
Gene457	Gene457	189.522539779947	1	189.522539779947	1	189.522539779947	1	189.522539779947
Gene458	Gene458	2.22079486149298	1	2.22079486149298	1	2.22079486149298	1	2.22079486149298
Gene459	Gene459	118.662993213443	1	118.662993213443	1	118.662993213443	1.23721714422423	146.811889588635
Gene460	Gene460	470.62915926373	1	470.62915926373	1	470.62915926373	1	470.62915926373
Gene461	Gene461	0.620833170491741	1	0.620833170491741	1	0.620833170491741	1	0.620833170491741
Gene462	Gene462	378.995989080324	1	378.995989080324	1	378.995989080324	1	378.995989080324
Gene463	Gene463	58.3109843245434	1	58.3109843245434	1	58.3109843245434	1	58.3109843245434
Gene464	Gene464	63.246717973332	1	63.246717973332	1	63.246717973332	1	63.246717973332
Gene465	Gene465	9.04430907038952	1	9.04430907038952	1	9.04430907038952	1	9.04430907038952
Gene466	Gene466	1.4400479691888	1	1.4400479691888	1	1.4400479691888	1	1.4400479691888
Gene467	Gene467	1140.29616710043	1	1140.29616710043	1	1140.29616710043	1	1140.29616710043
Gene468	Gene468	0.00241931795730838	1	0.00241931795730838	1	0.00241931795730838	0.998364604468431	0.00241536141553155
Gene469	Gene469	20.6654142522178	1	20.6654142522178	1	20.6654142522178	1	20.6654142522178
Gene470	Gene470	131.815246682218	1	131.815246682218	1	131.815246682218	1	131.815246682218
Gene471	Gene471	1041.11669176946	1	1041.11669176946	1	1041.11669176946	1	1041.11669176946
Gene472	Gene472	45.1439051222113	1	45.1439051222113	1	45.1439051222113	1	45.1439051222113
Gene473	Gene473	108.340220953412	1	108.340220953412	0.7246570317756	78.5095029380125	1	108.340220953412
Gene474	Gene474	11.3273940036725	1	11.3273940036725	1	11.3273940036725	1	11.3273940036725
Gene475	Gene475	6.23090122961244	1	6.23090122961244	1	6.23090122961244	1.15054046156826	7.16890397670452
Gene476	Gene476	537.269626753157	1	537.269626753157	1	537.269626753157	1	537.269626753157
Gene477	Gene477	6.27351102473235	1	6.27351102473235	1	6.27351102473235	1	6.27351102473235
Gene478	Gene478	121.476283624639	1	121.476283624639	1	121.476283624639	1.14827300844452	139.487937652324
Gene479	Gene479	71.1989697471097	1	71.1989697471097	0.827061555388647	58.8859306611137	1	71.1989697471097
Gene480	Gene480	73.5578723902031	1	73.5578723902031	1	73.5578723902031	1	73.5578723902031
Gene481	Gene481	315.778114455253	1	315.778114455253	1	315.778114455253	1	315.778114455253
Gene482	Gene482	0.174618947662119	1	0.174618947662119	1	0.174618947662119	1	0.174618947662119
Gene483	Gene483	149.018416203652	1	149.018416203652	1	149.018416203652	1	149.018416203652
Gene484	Gene484	4.80073859917968	1	4.80073859917968	1	4.80073859917968	1	4.80073859917968
Gene485	Gene485	3.16624519605559	1	3.16624519605559	1	3.16624519605559	1	3.16624519605559
Gene486	Gene486	71.7323971234026	1	71.7323971234026	1	71.7323971234026	1	71.7323971234026
Gene487	Gene487	107.434596142789	1	107.434596142789	1	107.434596142789	1	107.434596142789
Gene488	Gene488	9.83439597053811	1	9.83439597053811	1	9.83439597053811	1	9.83439597053811
Gene489	Gene489	100.104817413065	1	100.104817413065	1	100.104817413065	1	100.104817413065
Gene490	Gene490	78.4525024370831	1	78.4525024370831	1	78.4525024370831	1.2648232576562	99.2285497037523
Gene491	Gene491	134.672355358858	1	134.672355358858	1	134.672355358858	1	134.672355358858
Gene492	Gene492	93.9315208924751	1	93.9315208924751	1	93.9315208924751	1	93.9315208924751
Gene493	Gene493	404.435219198296	1	404.435219198296	1	404.435219198296	1	404.435219198296
Gene494	Gene494	26.2162005529754	1	26.2162005529754	1	26.2162005529754	1	26.2162005529754
Gene495	Gene495	22.6526888514133	1	22.6526888514133	1	22.6526888514133	1	22.6526888514133
Gene496	Gene496	414.469317571411	1	414.469317571411	1	414.469317571411	1	414.469317571411
Gene497	Gene497	0.147148443900298	1	0.147148443900298	1	0.147148443900298	1	0.147148443900298
Gene498	Gene498	135.74924265366	1	135.74924265366	3.0377124609102	412.367165968145	1	135.74924265366
Gene499	Gene499	0.848667826959086	1	0.848667826959086	1.48018776484012	1.25618773387829	1	0.848667826959086
Gene500	Gene500	3.57112560290791	1	3.57112560290791	1	3.57112560290791	1.45741439894888	5.20460987413297
