Cell	ExpLibSize
Cell1	738922.232834277
Cell2	236247.404345892
Cell3	408083.065748161
Cell4	478364.808246167
Cell5	418094.149971658
Cell6	309522.112091592
Cell7	802715.184485589
Cell8	311619.830358623
Cell9	1082058.38844665
Cell10	317539.750766606
Cell11	710706.230967059
Cell12	1267285.23009514
Cell13	145380.996568939
Cell14	279586.419278539
Cell15	304602.49678252
Cell16	479235.768376698
Cell17	278687.882118854
Cell18	68896.5538515662
Cell19	78245.1593297031
Cell20	717117.257241278
Cell21	275036.783809897
Cell22	115372.184888477
Cell23	297754.811500628
Cell24	673928.815420734
Cell25	1006288.75982567
Cell26	255687.281299792
Cell27	283153.372779725
Cell28	116612.081630108
Cell29	432073.642288566
Cell30	225996.971506469
Cell31	430892.360433161
Cell32	499084.098097149
Cell33	606277.29229067
Cell34	230171.420529373
Cell35	443643.878714851
Cell36	119826.261087493
Cell37	207559.168974816
Cell38	199591.140803618
Cell39	79464.9900767756
Cell40	336577.562925722
Cell41	372003.822742352
Cell42	266359.337261626
Cell43	515011.583001598
Cell44	214742.571672846
Cell45	147154.274646982
Cell46	425185.497579616
Cell47	204291.783852522
Cell48	771457.657305909
Cell49	255540.149663304
Cell50	484829.195897607
Cell51	398296.855020797
Cell52	207635.001586429
Cell53	833658.649158383
Cell54	481201.62026396
Cell55	347382.779769993
Cell56	387791.199304412
Cell57	491628.694792719
Cell58	347397.563735448
Cell59	56502.8786739621
Cell60	389699.382549434
Cell61	265391.782540744
Cell62	367480.218477405
Cell63	464195.670372862
Cell64	751556.425842327
Cell65	214668.295616541
Cell66	709732.612513178
Cell67	401577.152557978
Cell68	607493.787406107
Cell69	566772.576212143
Cell70	503822.696043845
Cell71	178223.344600222
Cell72	312441.993980584
Cell73	475738.694016607
Cell74	187882.936134587
Cell75	239310.774387836
Cell76	463969.509654223
Cell77	518059.249000354
Cell78	433008.868962302
Cell79	195533.06677099
Cell80	172372.430109967
Cell81	803275.756946176
Cell82	383558.576525758
Cell83	347112.666180399
Cell84	306840.233643416
Cell85	163033.929180412
Cell86	472520.654339235
Cell87	289927.062632292
Cell88	295859.537611097
Cell89	571001.228790686
Cell90	534676.854170809
Cell91	748190.042137476
Cell92	248894.727929763
Cell93	483317.977625952
Cell94	747746.7987212
Cell95	171258.22833011
Cell96	198432.231357602
Cell97	169157.59650485
Cell98	139478.725508563
Cell99	345387.480624579
Cell100	484131.779533754
Cell101	668507.891810198
Cell102	609732.861189523
Cell103	182463.294787531
Cell104	978975.031411229
Cell105	222459.735013375
Cell106	350621.613749818
Cell107	256927.422232964
Cell108	306577.583671538
Cell109	368122.111560512
Cell110	353451.853749999
Cell111	324656.016012134
Cell112	351150.56763459
Cell113	247540.474801721
Cell114	244816.638566979
Cell115	123838.677178299
Cell116	263041.588182616
Cell117	243603.397699377
Cell118	1618503.57312734
Cell119	147689.673537135
Cell120	357239.834531339
Cell121	136679.696676811
Cell122	138559.696304359
Cell123	354607.584965537
Cell124	183170.825153124
Cell125	329137.219062596
Cell126	256020.423102419
Cell127	229528.88422092
Cell128	99962.2021434476
Cell129	160138.359535446
Cell130	366245.270566242
Cell131	460327.858086411
Cell132	246457.578479636
Cell133	329503.016093683
Cell134	638456.197127312
Cell135	769530.595399268
Cell136	172643.479889977
Cell137	307487.49837686
Cell138	668717.843012075
Cell139	249841.433106218
Cell140	319461.960124133
Cell141	313193.703808935
Cell142	195314.014567356
Cell143	253555.067404777
Cell144	323824.665351539
Cell145	258200.01057167
Cell146	634891.6792314
Cell147	248189.15033936
Cell148	255280.924597497
Cell149	496744.89769639
Cell150	176837.657325987
Cell151	321684.938964554
Cell152	132094.707719357
Cell153	655329.897943462
Cell154	280434.802371642
Cell155	250118.919188565
Cell156	158869.424566397
Cell157	327987.591355062
Cell158	205633.380330494
Cell159	240630.66013415
Cell160	703543.552540648
Cell161	297122.513939335
Cell162	175239.149482037
Cell163	362743.196493489
Cell164	266095.675804827
Cell165	466440.685978092
Cell166	766167.936308776
Cell167	183597.191374779
Cell168	430689.378393008
Cell169	346389.092650446
Cell170	558432.849037162
Cell171	287776.474479194
Cell172	539373.587886475
Cell173	117862.656259729
Cell174	891427.61451676
Cell175	548395.70538212
Cell176	301486.410190149
Cell177	140319.932118441
Cell178	481232.632398868
Cell179	437992.771878571
Cell180	328259.450699594
Cell181	360240.736427129
Cell182	233561.283637618
Cell183	409450.451109445
Cell184	391949.12230264
Cell185	279508.917866672
Cell186	149958.586834938
Cell187	497883.458628397
Cell188	456701.856500997
Cell189	201315.345601579
Cell190	128787.263263142
Cell191	371775.971346345
Cell192	268876.982969403
Cell193	382360.674740151
Cell194	153736.441484357
Cell195	187258.934984193
Cell196	624648.072183866
Cell197	417972.637142266
Cell198	465472.798352035
Cell199	959983.619962581
Cell200	355469.108429777
Cell201	101370.554456811
Cell202	401087.527416769
Cell203	656936.169375947
Cell204	1108587.49513098
Cell205	146412.303856773
Cell206	167263.242137257
Cell207	217400.786315202
Cell208	177078.743766299
Cell209	225232.882455061
Cell210	295403.021175751
Cell211	162373.219946979
Cell212	1093946.94513227
Cell213	351088.930473914
Cell214	313562.783663051
Cell215	441210.703726435
Cell216	336833.954348679
Cell217	304823.885542457
Cell218	786456.572658332
Cell219	289945.788863952
Cell220	154681.259124747
Cell221	413537.814658901
Cell222	267861.216527562
Cell223	242294.417483582
Cell224	175616.485051626
Cell225	424071.788008869
Cell226	297386.524124041
Cell227	446452.5215258
Cell228	286999.858619931
Cell229	223546.18610594
Cell230	688196.450183465
Cell231	280745.891567628
Cell232	575935.511075161
Cell233	162338.751317054
Cell234	250373.846228024
Cell235	281145.148757885
Cell236	261707.41599143
Cell237	729299.261587688
Cell238	325101.540915938
Cell239	380476.401334277
Cell240	189121.303793614
Cell241	214424.964782476
Cell242	593193.129637932
Cell243	691547.317542116
Cell244	687640.063989783
Cell245	146087.022356757
Cell246	1102349.56166001
Cell247	599800.794635926
Cell248	324345.387304
Cell249	498722.720336438
Cell250	185916.285820653
Cell251	172740.893454345
Cell252	339150.693869239
Cell253	162634.205085911
Cell254	368518.310703346
Cell255	707713.204670446
Cell256	179196.675806098
Cell257	213263.017344142
Cell258	338654.260537546
Cell259	180923.309269297
Cell260	262894.381075257
Cell261	550978.99986788
Cell262	583308.578150375
Cell263	413094.367606815
Cell264	110695.14756122
Cell265	319174.663671467
Cell266	616967.376363435
Cell267	531981.722110862
Cell268	294458.101591966
Cell269	67154.4371381683
Cell270	341539.886137378
Cell271	461993.51756434
Cell272	338502.599444125
Cell273	361507.083421684
Cell274	424871.847937187
Cell275	260847.871088331
Cell276	712848.327653292
Cell277	434702.346838198
Cell278	158456.480573883
Cell279	743558.362768597
Cell280	669885.157419796
Cell281	535402.075308573
Cell282	123727.083587741
Cell283	235606.929343364
Cell284	479112.527781292
Cell285	338087.757157541
Cell286	404465.203070355
Cell287	1403209.82805116
Cell288	203452.607686289
Cell289	94882.8386828974
Cell290	387139.410559532
Cell291	219747.430474802
Cell292	428510.544369581
Cell293	204172.48577863
Cell294	1212804.43841754
Cell295	306332.813621614
Cell296	248724.467726179
Cell297	298748.561824756
Cell298	547680.713898262
Cell299	348937.434820558
Cell300	126454.51788204
Cell301	328595.110294636
Cell302	515642.713318248
Cell303	337146.774094425
Cell304	508053.225115327
Cell305	302251.693117518
Cell306	318443.957080397
Cell307	437780.10783725
Cell308	591404.776287805
Cell309	158109.118705446
Cell310	323054.375166683
Cell311	316000.560947893
Cell312	210705.480235848
Cell313	179145.41608217
Cell314	227233.579095374
Cell315	465560.605471799
Cell316	257827.03652271
Cell317	207506.743933015
Cell318	362787.954971781
Cell319	159013.442128237
Cell320	610136.263628705
Cell321	247662.974628642
Cell322	368325.104001262
Cell323	339541.697762827
Cell324	329444.097710375
Cell325	956682.96030825
Cell326	202621.595394187
Cell327	647006.041621178
Cell328	335676.707535705
Cell329	201445.937726985
Cell330	316410.102302939
Cell331	511566.980329339
Cell332	256434.036741976
Cell333	209078.069718075
Cell334	360518.474064021
Cell335	589892.282824287
Cell336	315536.221426857
Cell337	145538.167549131
Cell338	152592.913292116
Cell339	209532.679270685
Cell340	241537.374508601
Cell341	325357.826385463
Cell342	489089.274127792
Cell343	255063.254238171
Cell344	170946.671409037
Cell345	471161.15141003
Cell346	387541.404594252
Cell347	651548.773197137
Cell348	122288.563350412
Cell349	346883.482970824
Cell350	731301.915244074
Cell351	504801.813200389
Cell352	201761.022659403
Cell353	507292.48233645
Cell354	197134.912542007
Cell355	252256.851697832
Cell356	663239.27271203
Cell357	277722.160758213
Cell358	536814.507054413
Cell359	277545.127667176
Cell360	130177.497186856
Cell361	199837.259741834
Cell362	173519.746829735
Cell363	247707.455685864
Cell364	270270.805012877
Cell365	301028.191277034
Cell366	285502.071290221
Cell367	1004516.96614938
Cell368	145626.351329631
Cell369	258054.719626397
Cell370	404720.051890701
Cell371	859953.885536552
Cell372	347129.366352127
Cell373	683716.619094319
Cell374	125051.503693331
Cell375	772483.2944635
Cell376	219364.146502662
Cell377	279975.01553997
Cell378	171396.515213752
Cell379	356527.760525273
Cell380	943228.065909795
Cell381	1372607.03335084
Cell382	174718.945885564
Cell383	438702.205666595
Cell384	746607.326010482
Cell385	293619.653050335
Cell386	289750.348062922
Cell387	275338.422373351
Cell388	468594.230519433
Cell389	750535.51400233
Cell390	494047.458575555
Cell391	397889.434400191
Cell392	275810.521692768
Cell393	441920.610832631
Cell394	238366.93096561
Cell395	279509.390396403
Cell396	628612.247761337
Cell397	427494.932409605
Cell398	379757.684009647
Cell399	283430.698348651
Cell400	570223.563440489
Cell401	723396.682845437
Cell402	197443.501883004
Cell403	340439.127857296
Cell404	339153.982990768
Cell405	234354.233037991
Cell406	182944.410882991
Cell407	329018.93056034
Cell408	484790.353327794
Cell409	786481.988069573
Cell410	107002.158678966
Cell411	217834.350224179
Cell412	274261.507546504
Cell413	123688.631377275
Cell414	211749.148816497
Cell415	208430.029821014
Cell416	215266.331168589
Cell417	90747.9500327423
Cell418	373633.470395913
Cell419	227074.203704631
Cell420	806967.825128049
Cell421	526606.413808851
Cell422	139946.588184165
Cell423	349154.357196115
Cell424	232235.633574799
Cell425	556041.57229805
Cell426	339954.82167807
Cell427	237317.931371783
Cell428	426585.230846505
Cell429	360485.354586578
Cell430	299038.022719695
Cell431	1082993.87363943
Cell432	241213.484959876
Cell433	249685.850445686
Cell434	132531.825956894
Cell435	321717.48888535
Cell436	556721.73887317
Cell437	97249.0138853911
Cell438	284357.657004451
Cell439	164256.188822865
Cell440	770474.806290938
Cell441	733257.695697826
Cell442	401259.023785904
Cell443	764777.285143766
Cell444	197670.90365256
Cell445	576852.2279937
Cell446	233437.133606353
Cell447	398069.848267053
Cell448	276212.781718672
Cell449	279626.887985881
Cell450	454532.728323119
Cell451	152849.753844878
Cell452	284215.412270522
Cell453	364413.961133689
Cell454	259786.999403332
Cell455	350445.183923532
Cell456	273060.357318997
Cell457	854853.190667928
Cell458	501841.097394295
Cell459	1890822.13981211
Cell460	206264.832568429
Cell461	532348.79615342
Cell462	1134012.71120605
Cell463	393412.460144601
Cell464	174077.210996666
Cell465	182128.890823685
Cell466	322687.839973251
Cell467	712489.841101287
Cell468	512661.75712271
Cell469	93486.4053198076
Cell470	218102.125775105
Cell471	327737.574052214
Cell472	139567.537517991
Cell473	496062.665000424
Cell474	77289.1136582371
Cell475	358511.873244246
Cell476	261667.840760263
Cell477	246706.45415321
Cell478	278787.30428599
Cell479	396627.270461934
Cell480	416142.642138607
Cell481	288485.04351138
Cell482	106010.95869746
Cell483	141130.536862204
Cell484	138623.213845757
Cell485	516135.444353815
Cell486	285440.224866422
Cell487	386223.968191968
Cell488	131521.446877203
Cell489	240333.765057306
Cell490	458928.345705306
Cell491	296632.768400324
Cell492	307883.293597114
Cell493	315795.984492478
Cell494	672435.743094848
Cell495	229363.262672764
Cell496	490713.655924386
Cell497	559431.868256292
Cell498	163515.919873392
Cell499	353888.950471233
Cell500	327319.7963346
Cell501	604151.332836426
Cell502	564788.171635838
Cell503	329014.378215208
Cell504	356977.565884806
Cell505	215572.954927184
Cell506	293193.147474828
Cell507	179689.811625351
Cell508	186402.04199838
Cell509	160510.000925148
Cell510	539242.892674158
Cell511	635485.068801387
Cell512	258340.596033632
Cell513	169432.988605876
Cell514	312857.340725764
Cell515	1234318.81624731
Cell516	1096748.10344757
Cell517	119629.357832872
Cell518	267011.431130746
Cell519	813070.718937338
Cell520	322150.398660456
Cell521	844377.174037508
Cell522	270705.155351067
Cell523	470573.060466203
Cell524	376023.272614957
Cell525	2207957.09896826
Cell526	566680.429299156
Cell527	161865.413305504
Cell528	230856.548471987
Cell529	409795.178634123
Cell530	107517.272638117
Cell531	113812.684711426
Cell532	170148.647952811
Cell533	268427.251500845
Cell534	683616.510589739
Cell535	280343.645635582
Cell536	362566.691422283
Cell537	317185.86836367
Cell538	217475.631843583
Cell539	735118.265513798
Cell540	172704.573235555
Cell541	288004.520658861
Cell542	268443.306579855
Cell543	450802.948156801
Cell544	849276.75709038
Cell545	445965.378021071
Cell546	743907.868885704
Cell547	516510.669765338
Cell548	228057.996352858
Cell549	345705.295187697
Cell550	741154.653569813
Cell551	131340.401659438
Cell552	398965.059438102
Cell553	300420.105041431
Cell554	552613.587899347
Cell555	512591.117510228
Cell556	393429.460016743
Cell557	793915.641176953
Cell558	134137.587372702
Cell559	563439.828035066
Cell560	129934.649520787
Cell561	465809.853034141
Cell562	347358.560591713
Cell563	582524.470085125
Cell564	345149.460917285
Cell565	130766.458356447
Cell566	100959.694405416
Cell567	453158.039016003
Cell568	315551.415417346
Cell569	235369.419673457
Cell570	274319.963031602
Cell571	221852.262345793
Cell572	300322.757767151
Cell573	190358.299983117
Cell574	102446.360897838
Cell575	289507.209221071
Cell576	609921.391727769
Cell577	995754.321877119
Cell578	329997.076673612
Cell579	314198.534617521
Cell580	581057.764076528
Cell581	340055.092089658
Cell582	255020.979004913
Cell583	118402.600118026
Cell584	156505.909623723
Cell585	418596.956941567
Cell586	139442.578792205
Cell587	611065.609627911
Cell588	149060.73750303
Cell589	293980.743570247
Cell590	329037.698090601
Cell591	327009.867975793
Cell592	360345.043167931
Cell593	468781.544428772
Cell594	305880.821889308
Cell595	284613.999898955
Cell596	362128.384998656
Cell597	255209.814505042
Cell598	815052.270738676
Cell599	91747.1348467983
Cell600	603391.549277184
Cell601	284622.824886131
Cell602	422564.155396581
Cell603	589564.479432369
Cell604	539039.768955956
Cell605	223280.530325937
Cell606	827952.821957355
Cell607	126651.399046083
Cell608	548110.963642542
Cell609	243753.767535009
Cell610	106485.742659025
Cell611	109769.243552839
Cell612	380690.116391468
Cell613	1221033.55317088
Cell614	387066.616405231
Cell615	641432.641152693
Cell616	540025.465970182
Cell617	224058.815286769
Cell618	577977.905038502
Cell619	405643.791588006
Cell620	372135.488310789
Cell621	594257.940642757
Cell622	511772.044014445
Cell623	227790.755198567
Cell624	415872.352170279
Cell625	194798.194162378
Cell626	477789.082249766
Cell627	255350.691657355
Cell628	430052.585216855
Cell629	409255.674339342
Cell630	280973.597767432
Cell631	433454.236471209
Cell632	462158.078041975
Cell633	287620.233844253
Cell634	657291.298300278
Cell635	748448.521239752
Cell636	223087.3344971
Cell637	208427.887482248
Cell638	445892.886427598
Cell639	192386.780784537
Cell640	252848.063272701
Cell641	528775.255631219
Cell642	235028.780908606
Cell643	105812.875187561
Cell644	487332.77597196
Cell645	128185.353205409
Cell646	148345.05326861
Cell647	55681.9805194956
Cell648	537666.404668705
Cell649	382019.656670313
Cell650	432632.998989496
Cell651	541976.869517766
Cell652	321443.776973129
Cell653	171784.972593813
Cell654	459286.353721982
Cell655	710076.433941941
Cell656	136149.632529922
Cell657	230434.23913004
Cell658	277378.835193572
Cell659	154128.111877507
Cell660	495938.831900868
Cell661	231496.532793158
Cell662	690905.956645957
Cell663	340042.470975552
Cell664	505968.520717039
Cell665	826504.763435055
Cell666	385303.157052765
Cell667	621327.175888053
Cell668	373035.112190141
Cell669	135234.146589059
Cell670	333868.044665765
Cell671	503009.522156481
Cell672	439611.810780904
Cell673	297409.280576649
Cell674	160804.686659279
Cell675	482194.558714996
Cell676	192030.803329698
Cell677	157604.348247714
Cell678	467792.980303788
Cell679	159379.534814817
Cell680	380507.460589839
Cell681	330029.347303628
Cell682	150669.384442881
Cell683	660183.917911394
Cell684	232367.829678098
Cell685	668119.277040455
Cell686	249061.973625958
Cell687	234810.085743122
Cell688	323485.057833507
Cell689	266830.545248521
Cell690	267059.502611758
Cell691	196469.717042467
Cell692	161260.265985867
Cell693	472879.805473892
Cell694	204917.33711961
Cell695	146447.211807863
Cell696	244293.555204437
Cell697	205554.253396067
Cell698	90536.9688013496
Cell699	277592.639487738
Cell700	363591.968419143
Cell701	391957.900503802
Cell702	415264.617969463
Cell703	182717.68059144
Cell704	271961.257934486
Cell705	181911.610711858
Cell706	226605.344984913
Cell707	161550.888793306
Cell708	170686.642666455
Cell709	477525.348064298
Cell710	280620.577905368
Cell711	282891.30731521
Cell712	912736.363672508
Cell713	318349.265926335
Cell714	240124.911045823
Cell715	511722.211571872
Cell716	247274.830721549
Cell717	739771.276943337
Cell718	263764.907186628
Cell719	229193.653423842
Cell720	165570.197504639
Cell721	399875.607453777
Cell722	781709.626512043
Cell723	267152.582994529
Cell724	384360.706924425
Cell725	400981.60514733
Cell726	761565.033059678
Cell727	487185.165994728
Cell728	175045.920535066
Cell729	218546.153651418
Cell730	212299.10492428
Cell731	358149.444459605
Cell732	328725.520334481
Cell733	409240.836553723
Cell734	223699.069683043
Cell735	263970.981826235
Cell736	509938.681785916
Cell737	310712.860089297
Cell738	224101.770515485
Cell739	583865.308328859
Cell740	332120.967683302
Cell741	192021.907369793
Cell742	902114.72870138
Cell743	165572.544417834
Cell744	115390.685159624
Cell745	87374.8452731642
Cell746	483539.377650042
Cell747	240724.196501851
Cell748	280118.831746884
Cell749	390790.016359408
Cell750	250319.578118862
Cell751	127769.190175414
Cell752	104471.353929455
Cell753	269572.941580101
Cell754	365213.04775404
Cell755	86115.4439526301
Cell756	390996.6935539
Cell757	422560.663241494
Cell758	706476.642987639
Cell759	363065.407491589
Cell760	371774.933255477
Cell761	470467.092387502
Cell762	325796.338899812
Cell763	314375.460994306
Cell764	352791.057209178
Cell765	510784.525833677
Cell766	255563.574786749
Cell767	245493.719772684
Cell768	197922.102477333
Cell769	187414.89411733
Cell770	399442.301636402
Cell771	819848.576705281
Cell772	186193.114639199
Cell773	294870.558398389
Cell774	179605.954895825
Cell775	562567.164354334
Cell776	273301.583951837
Cell777	366134.716532462
Cell778	404468.987851123
Cell779	177055.457271293
Cell780	309773.888411258
Cell781	288019.943967633
Cell782	490490.852911896
Cell783	159338.788259864
Cell784	162493.839158647
Cell785	517354.07288193
Cell786	233013.084131063
Cell787	223310.263403649
Cell788	352174.139025345
Cell789	272816.275318487
Cell790	989352.762528391
Cell791	383922.545417637
Cell792	362391.451172641
Cell793	570237.675057812
Cell794	318057.848881138
Cell795	339088.612527372
Cell796	175126.348242833
Cell797	85348.0770949815
Cell798	161801.748649632
Cell799	352401.579313994
Cell800	179257.560368201
Cell801	494393.341909168
Cell802	505072.271655286
Cell803	374506.493488397
Cell804	292583.655651396
Cell805	147379.075740988
Cell806	274664.534207028
Cell807	252330.367015465
Cell808	486999.378110079
Cell809	712282.176714605
Cell810	442621.902806818
Cell811	169501.761077445
Cell812	881785.060956392
Cell813	597501.454799368
Cell814	375863.807748221
Cell815	89809.2619738342
Cell816	187765.398105847
Cell817	316445.628764824
Cell818	515965.94488528
Cell819	164425.249095595
Cell820	2184834.32051589
Cell821	73190.5835052865
Cell822	286734.759077183
Cell823	282771.096282945
Cell824	222906.614528863
Cell825	273042.675241986
Cell826	510249.729695053
Cell827	196860.353452735
Cell828	96596.6180429301
Cell829	348203.819016659
Cell830	329137.76242311
Cell831	326957.681175594
Cell832	488360.856846424
Cell833	326944.766565231
Cell834	520466.17457416
Cell835	100786.63911462
Cell836	169512.549782386
Cell837	404652.832186813
Cell838	267642.65739662
Cell839	574858.463550991
Cell840	182300.926359725
Cell841	504721.208460878
Cell842	222190.016833499
Cell843	171031.244246785
Cell844	269238.815138144
Cell845	339296.351471171
Cell846	159861.806989706
Cell847	210075.199283528
Cell848	158129.000177429
Cell849	599765.866466547
Cell850	504634.956177387
Cell851	179338.886438529
Cell852	457549.975587747
Cell853	283435.078425016
Cell854	170995.825762268
Cell855	422284.705620533
Cell856	272406.507961683
Cell857	553394.169032026
Cell858	293756.889935486
Cell859	663442.753363723
Cell860	244017.880453419
Cell861	374985.07034274
Cell862	409809.455326619
Cell863	388375.93752182
Cell864	371115.972305635
Cell865	326977.734799133
Cell866	312317.110583541
Cell867	736346.63849018
Cell868	562581.788834857
Cell869	230041.041684314
Cell870	750096.948168023
Cell871	358830.637130768
Cell872	225915.520304217
Cell873	364155.339505965
Cell874	300349.8219373
Cell875	349678.060719288
Cell876	185696.388472626
Cell877	203279.495634269
Cell878	735430.875039667
Cell879	580506.450017406
Cell880	195769.559834952
Cell881	193890.957180892
Cell882	909395.277273452
Cell883	1014532.04324255
Cell884	208455.886084054
Cell885	152986.313514535
Cell886	1545454.89287262
Cell887	377218.639753577
Cell888	367809.278763186
Cell889	344605.833828154
Cell890	753828.213541476
Cell891	294301.022938028
Cell892	778438.350362006
Cell893	289327.22318336
Cell894	443693.738313914
Cell895	179236.448868622
Cell896	364299.361226439
Cell897	668390.851729849
Cell898	299251.553503513
Cell899	701391.892784392
Cell900	1642812.37909714
Cell901	573893.979612723
Cell902	284600.842998142
Cell903	348760.362089282
Cell904	255166.368124778
Cell905	1189182.91585499
Cell906	57656.5695800522
Cell907	345571.810566948
Cell908	351578.021799038
Cell909	373640.024481632
Cell910	131607.31617987
Cell911	374248.745325627
Cell912	368007.361167624
Cell913	691604.543127279
Cell914	448521.939508559
Cell915	635665.720176617
Cell916	187443.05476903
Cell917	306206.585893988
Cell918	368891.653533862
Cell919	386802.468698651
Cell920	218943.999054128
Cell921	787562.107535026
Cell922	229786.562091407
Cell923	127299.632689668
Cell924	417656.400022185
Cell925	487380.03750881
Cell926	574639.217526857
Cell927	188688.504227722
Cell928	284655.436641109
Cell929	150649.256408492
Cell930	541967.776039439
Cell931	404390.017588685
Cell932	564451.463886581
Cell933	471485.614445207
Cell934	230358.400416926
Cell935	366275.829657929
Cell936	107049.027906988
Cell937	443119.162820629
Cell938	583086.681747602
Cell939	196692.908599959
Cell940	93615.5756038457
Cell941	134348.44200979
Cell942	171023.384025601
Cell943	684455.395920005
Cell944	330167.368054138
Cell945	158912.271074528
Cell946	457106.278059447
Cell947	91052.3955973886
Cell948	284867.478380849
Cell949	634693.817388282
Cell950	269418.4151778
Cell951	710944.371144398
Cell952	948792.62371939
Cell953	165598.469000572
Cell954	167122.191794425
Cell955	192257.254205453
Cell956	449900.75092531
Cell957	538884.429991798
Cell958	671733.823110149
Cell959	708450.138657015
Cell960	620963.46548356
Cell961	573176.605782675
Cell962	362779.058683657
Cell963	195261.146378409
Cell964	214811.382712109
Cell965	418914.81918967
Cell966	888322.80077824
Cell967	900145.893607436
Cell968	105935.027342843
Cell969	201589.32159213
Cell970	760193.091919713
Cell971	176033.03026426
Cell972	127354.577338108
Cell973	469140.682705905
Cell974	914569.896298132
Cell975	1029864.86960762
Cell976	450986.749909444
Cell977	503462.974192597
Cell978	458291.123392709
Cell979	325998.664327561
Cell980	45205.8264113756
Cell981	515782.793668033
Cell982	261667.111147024
Cell983	597342.442213095
Cell984	227737.310758386
Cell985	125788.749852038
Cell986	686174.763236604
Cell987	366647.018408666
Cell988	2582890.31050748
Cell989	565060.086039565
Cell990	611083.302133446
Cell991	516732.199997079
Cell992	230923.713852896
Cell993	264892.727793268
Cell994	615171.851516971
Cell995	613465.342831921
Cell996	464509.829550864
Cell997	184260.868820088
Cell998	888891.030955307
Cell999	147279.161008774
Cell1000	255274.109688942
Cell1001	1296290.22155468
Cell1002	448681.667649952
Cell1003	583717.094769194
Cell1004	411425.086852774
Cell1005	183246.995528532
Cell1006	231728.351474721
Cell1007	363180.368541579
Cell1008	58695.0644703527
Cell1009	199943.414397224
Cell1010	527422.501070664
Cell1011	276365.78506869
Cell1012	278793.229251748
Cell1013	549929.603531147
Cell1014	239095.669092202
Cell1015	477222.207696636
Cell1016	142542.209259345
Cell1017	159877.754446935
Cell1018	122893.425103777
Cell1019	346287.163584753
Cell1020	291814.38691184
Cell1021	770445.020207144
Cell1022	321479.648761652
Cell1023	731471.066461589
Cell1024	1036389.73989897
Cell1025	246739.280984345
Cell1026	414213.479025091
Cell1027	200299.566448097
Cell1028	508927.398005728
Cell1029	174417.478552758
Cell1030	179979.556220828
Cell1031	390598.151214123
Cell1032	347597.86269765
Cell1033	384622.444244631
Cell1034	343227.775812137
Cell1035	241318.956600266
Cell1036	305162.72843096
Cell1037	855767.620340496
Cell1038	326035.502971441
Cell1039	151534.639107247
Cell1040	200338.875379007
Cell1041	172166.011523894
Cell1042	193891.182477651
Cell1043	156746.889420288
Cell1044	70150.0655786334
Cell1045	488676.75762657
Cell1046	486085.717038895
Cell1047	284267.996347149
Cell1048	215110.706728243
Cell1049	204196.915058153
Cell1050	416733.33117757
Cell1051	376538.065381286
Cell1052	422395.707292625
Cell1053	330431.223392848
Cell1054	474469.612463012
Cell1055	424763.876898843
Cell1056	457810.530719771
Cell1057	441299.511926852
Cell1058	877064.578097111
Cell1059	176976.662899556
Cell1060	801204.641234297
Cell1061	270605.77873981
Cell1062	317116.022501903
Cell1063	345611.164631785
Cell1064	253028.215604805
Cell1065	73191.3553375778
Cell1066	274018.885589204
Cell1067	337622.246658954
Cell1068	118372.554325297
Cell1069	455557.96731171
Cell1070	231756.914609952
Cell1071	773113.961143381
Cell1072	385131.449068147
Cell1073	207031.14911144
Cell1074	363711.530404252
Cell1075	383482.13596467
Cell1076	563881.401249759
Cell1077	300405.581402069
Cell1078	99451.3067443857
Cell1079	153224.379739214
Cell1080	198846.708693552
Cell1081	423547.328871883
Cell1082	278592.126942225
Cell1083	229434.665632889
Cell1084	200299.852833575
Cell1085	360716.226721255
Cell1086	199529.457762601
Cell1087	260637.225756057
Cell1088	189388.268652704
Cell1089	145432.989097305
Cell1090	578394.684900101
Cell1091	151623.393569248
Cell1092	343975.558170974
Cell1093	235762.503386947
Cell1094	176620.867822786
Cell1095	383873.261712768
Cell1096	410495.689263932
Cell1097	694071.70616304
Cell1098	399071.858005959
Cell1099	303680.478594834
Cell1100	1526429.7738294
Cell1101	224631.196075849
Cell1102	182466.027065832
Cell1103	240400.89797659
Cell1104	308740.841964375
Cell1105	469311.812369585
Cell1106	420955.281433788
Cell1107	309590.291816319
Cell1108	198927.333275815
Cell1109	640127.486940071
Cell1110	565289.724169705
Cell1111	215036.931245638
Cell1112	493802.842849987
Cell1113	429532.813623583
Cell1114	609901.894656346
Cell1115	359853.247019704
Cell1116	168230.542470168
Cell1117	528640.298182545
Cell1118	214488.228148265
Cell1119	449498.401278512
Cell1120	883075.04542855
Cell1121	142836.959412987
Cell1122	826900.57912213
Cell1123	731215.375745688
Cell1124	241311.428061654
Cell1125	284155.425283973
Cell1126	219973.984438154
Cell1127	235459.667646259
Cell1128	463596.534226661
Cell1129	194020.427570473
Cell1130	294542.520811578
Cell1131	302709.518171516
Cell1132	311268.730870827
Cell1133	366661.980516534
Cell1134	843959.91661621
Cell1135	252564.026299289
Cell1136	206288.818072463
Cell1137	525468.609232334
Cell1138	412274.005532506
Cell1139	378589.812316603
Cell1140	466708.599605906
Cell1141	143418.568025978
Cell1142	616430.624463336
Cell1143	430503.586960655
Cell1144	577076.984356128
Cell1145	231587.130511354
Cell1146	111323.975729452
Cell1147	247663.8329733
Cell1148	193120.948549666
Cell1149	1220478.46738803
Cell1150	258261.206715318
Cell1151	290177.561512608
Cell1152	616315.419426862
Cell1153	474850.634914841
Cell1154	489829.91181211
Cell1155	1554782.54077301
Cell1156	363365.051607323
Cell1157	1012223.70717549
Cell1158	382610.042154627
Cell1159	139494.505345099
Cell1160	88717.4015239809
Cell1161	483128.66849247
Cell1162	182889.324044577
Cell1163	337739.463034456
Cell1164	938629.879451726
Cell1165	404267.572846912
Cell1166	278221.265967982
Cell1167	106034.304477026
Cell1168	205588.934877356
Cell1169	234732.513463903
Cell1170	493054.811294251
Cell1171	438060.762712768
Cell1172	332212.370389387
Cell1173	366402.223910847
Cell1174	278053.185011269
Cell1175	335410.648205369
Cell1176	386678.723316119
Cell1177	429298.215864464
Cell1178	967021.483330264
Cell1179	171133.691740792
Cell1180	785539.759769725
Cell1181	489381.634362366
Cell1182	132579.334198087
Cell1183	279873.409985251
Cell1184	227419.589125716
Cell1185	190168.271820587
Cell1186	133161.8626342
Cell1187	246279.828470021
Cell1188	254951.638908436
Cell1189	272311.142731877
Cell1190	97839.4125286454
Cell1191	427366.378481517
Cell1192	511440.288383146
Cell1193	524651.554118065
Cell1194	518841.674474444
Cell1195	370802.12939875
Cell1196	782557.153945813
Cell1197	196609.687463414
Cell1198	159963.292025957
Cell1199	402048.161156891
Cell1200	427195.59784463
Cell1201	212250.83506412
Cell1202	336673.448098135
Cell1203	398621.813974138
Cell1204	412080.657923046
Cell1205	552214.163978111
Cell1206	571015.242302846
Cell1207	78784.4489524726
Cell1208	911895.701956907
Cell1209	431032.637173081
Cell1210	235460.681144854
Cell1211	170871.700076343
Cell1212	561566.465453117
Cell1213	399747.396891125
Cell1214	621826.531248649
Cell1215	317988.753203319
Cell1216	285456.405227892
Cell1217	1233969.01092986
Cell1218	99298.085567748
Cell1219	414817.956859595
Cell1220	413329.683096514
Cell1221	426660.267996249
Cell1222	457764.288030797
Cell1223	279979.089893674
Cell1224	654989.685115403
Cell1225	77611.1566026989
Cell1226	204994.259256768
Cell1227	307157.09049409
Cell1228	362745.194907696
Cell1229	418639.126486313
Cell1230	480193.683089816
Cell1231	135485.802758154
Cell1232	330983.08965329
Cell1233	448693.784581168
Cell1234	719750.851886492
Cell1235	308167.869642329
Cell1236	845241.272397936
Cell1237	279135.596158214
Cell1238	319946.248952512
Cell1239	362104.222073353
Cell1240	245081.658640152
Cell1241	502358.569206611
Cell1242	149117.232746868
Cell1243	328397.178433319
Cell1244	239633.309563755
Cell1245	238713.071588908
Cell1246	649287.44386307
Cell1247	612421.485088976
Cell1248	844682.296412169
Cell1249	282066.637638588
Cell1250	335840.405529537
Cell1251	132091.71289331
Cell1252	262137.29473123
Cell1253	931526.215988103
Cell1254	257795.890465599
Cell1255	165744.529075464
Cell1256	337723.980399401
Cell1257	686678.814491195
Cell1258	130054.171136879
Cell1259	283729.264444895
Cell1260	434046.527092652
Cell1261	1056302.15552365
Cell1262	229267.496903395
Cell1263	806459.509342943
Cell1264	255322.110117605
Cell1265	179498.428821466
Cell1266	168899.11502536
Cell1267	289251.781265066
Cell1268	325168.580392635
Cell1269	272414.288619763
Cell1270	612422.739814465
Cell1271	368414.588971062
Cell1272	309576.255579173
Cell1273	231037.049362508
Cell1274	153554.194928138
Cell1275	103885.687132757
Cell1276	373631.969294156
Cell1277	334445.539880153
Cell1278	736343.091210505
Cell1279	391127.854252931
Cell1280	526997.990887559
Cell1281	337543.338245026
Cell1282	203459.352656178
Cell1283	390793.16357526
Cell1284	402510.092806489
Cell1285	203571.010952777
Cell1286	323957.383927814
Cell1287	1070870.68417019
Cell1288	169404.178066404
Cell1289	784324.156676174
Cell1290	288236.140469392
Cell1291	789019.674727542
Cell1292	200516.811069192
Cell1293	316889.200047721
Cell1294	395796.01940939
Cell1295	308345.381633306
Cell1296	485712.830647244
Cell1297	298642.981654015
Cell1298	671629.554245295
Cell1299	364287.764293489
Cell1300	495446.429075145
Cell1301	163879.576119702
Cell1302	223561.217421112
Cell1303	626023.310280775
Cell1304	444646.211506818
Cell1305	304138.93490554
Cell1306	309037.785252415
Cell1307	514022.523256883
Cell1308	288789.819521613
Cell1309	344366.067721208
Cell1310	124948.463625939
Cell1311	936953.526057087
Cell1312	517384.959815442
Cell1313	537999.095568966
Cell1314	107235.347011712
Cell1315	325471.006655931
Cell1316	258951.746104731
Cell1317	146453.304849475
Cell1318	505771.193691488
Cell1319	681697.660827002
Cell1320	237849.680627729
Cell1321	287876.169813639
Cell1322	903057.698822831
Cell1323	124665.165097086
Cell1324	510798.795501733
Cell1325	273843.181977458
Cell1326	307851.580539941
Cell1327	229893.891593219
Cell1328	628679.626105101
Cell1329	169613.727969894
Cell1330	580930.17006942
Cell1331	754540.790340216
Cell1332	125265.771113846
Cell1333	169640.051057229
Cell1334	466861.827286571
Cell1335	187574.850967646
Cell1336	219238.866610181
Cell1337	253455.192946725
Cell1338	268972.632655598
Cell1339	498749.282651438
Cell1340	230975.633920151
Cell1341	347298.836969535
Cell1342	508778.792812149
Cell1343	132966.441216216
Cell1344	219484.08856192
Cell1345	546787.744208844
Cell1346	263944.069395115
Cell1347	74003.1375499672
Cell1348	198781.287368005
Cell1349	532869.800515362
Cell1350	256272.418898906
Cell1351	259608.098577197
Cell1352	302376.966434974
Cell1353	503403.840262684
Cell1354	246717.112441917
Cell1355	436129.820331858
Cell1356	461830.78377496
Cell1357	180788.695502647
Cell1358	317697.273722397
Cell1359	239949.378790635
Cell1360	421230.556072012
Cell1361	135505.038265823
Cell1362	815896.583942238
Cell1363	728144.91540628
Cell1364	200540.130199844
Cell1365	222053.734082028
Cell1366	192934.384998208
Cell1367	304025.358774988
Cell1368	245275.579588419
Cell1369	352096.331099493
Cell1370	109162.823570759
Cell1371	361748.705992101
Cell1372	332525.508528461
Cell1373	128331.69162429
Cell1374	387659.254973142
Cell1375	340331.984779771
Cell1376	287641.69172194
Cell1377	326935.408417817
Cell1378	413362.76415501
Cell1379	404158.282664905
Cell1380	255515.077082312
Cell1381	648802.862758803
Cell1382	322475.450642265
Cell1383	304157.784975538
Cell1384	574805.448878973
Cell1385	591090.505377472
Cell1386	218061.573450993
Cell1387	183773.990530072
Cell1388	217426.830467604
Cell1389	164825.621805498
Cell1390	115379.76222999
Cell1391	395650.089205794
Cell1392	302494.354546524
Cell1393	481102.53935413
Cell1394	329168.874782659
Cell1395	419301.454525787
Cell1396	245996.190101757
Cell1397	187155.540725117
Cell1398	521105.911716786
Cell1399	515909.628606248
Cell1400	118652.930492724
Cell1401	552454.349012307
Cell1402	115912.900299492
Cell1403	320740.902294035
Cell1404	261105.773609211
Cell1405	305548.749422049
Cell1406	628510.15432664
Cell1407	157289.504417943
Cell1408	281786.467739962
Cell1409	1482851.82890221
Cell1410	137918.73448093
Cell1411	227789.04671779
Cell1412	321617.946078171
Cell1413	370681.328726395
Cell1414	240657.131929883
Cell1415	281695.409384081
Cell1416	624049.631383881
Cell1417	296210.289249042
Cell1418	382122.795963157
Cell1419	409627.900867272
Cell1420	418775.963997175
Cell1421	440401.889349578
Cell1422	340267.82097136
Cell1423	217035.742238876
Cell1424	318372.036828802
Cell1425	186790.526971318
Cell1426	348126.984498184
Cell1427	268431.754074217
Cell1428	307303.714573762
Cell1429	172442.505272929
Cell1430	278881.10548615
Cell1431	173395.610761583
Cell1432	259450.818795184
Cell1433	449418.430774617
Cell1434	379624.301212879
Cell1435	559353.71759487
Cell1436	439226.387825632
Cell1437	351962.136948636
Cell1438	593278.556201134
Cell1439	664875.487311161
Cell1440	144482.209950879
Cell1441	557309.584500315
Cell1442	521052.727412735
Cell1443	573890.699853116
Cell1444	192898.555584737
Cell1445	1361948.61836577
Cell1446	71468.1461863279
Cell1447	330825.663529652
Cell1448	353232.39600929
Cell1449	301678.050605226
Cell1450	511899.076213612
Cell1451	354468.153342408
Cell1452	208343.729165623
Cell1453	756129.033309289
Cell1454	277106.612423723
Cell1455	472153.839623783
Cell1456	222494.247751472
Cell1457	176471.910740141
Cell1458	230590.478396694
Cell1459	176788.387816502
Cell1460	451062.713547917
Cell1461	132052.086382688
Cell1462	185139.820361935
Cell1463	334816.642122278
Cell1464	119927.69787661
Cell1465	244719.898589008
Cell1466	275314.948120595
Cell1467	728170.716259084
Cell1468	283108.787104923
Cell1469	242081.659198485
Cell1470	222926.196971831
Cell1471	428808.523186299
Cell1472	272968.649774822
Cell1473	239176.875708007
Cell1474	279440.745029406
Cell1475	617134.367933694
Cell1476	829788.448204342
Cell1477	225582.337612573
Cell1478	333498.38158088
Cell1479	272208.527589554
Cell1480	984129.533711598
Cell1481	466646.942789528
Cell1482	115418.528298256
Cell1483	255139.648748595
Cell1484	85359.2256959588
Cell1485	311930.930134369
Cell1486	498827.523086517
Cell1487	194531.947770832
Cell1488	154781.109829403
Cell1489	690449.241067147
Cell1490	186657.628616925
Cell1491	562466.900561726
Cell1492	373777.684818597
Cell1493	553669.135636016
Cell1494	594759.388050507
Cell1495	644890.294377823
Cell1496	682463.156093872
Cell1497	392121.682548224
Cell1498	364575.790322259
Cell1499	187676.522382522
Cell1500	161496.799442205
Cell1501	231196.549186161
Cell1502	304155.148349756
Cell1503	184184.319211505
Cell1504	537884.112950459
Cell1505	206267.030515858
Cell1506	402670.7754623
Cell1507	550224.660490117
Cell1508	164206.790201505
Cell1509	601932.13328988
Cell1510	95149.5891774676
Cell1511	377248.357324307
Cell1512	802804.467712792
Cell1513	457035.965010846
Cell1514	564822.753656271
Cell1515	237825.550707004
Cell1516	392809.420182676
Cell1517	632276.511402734
Cell1518	150585.981441325
Cell1519	594461.336650704
Cell1520	143640.636142464
Cell1521	245601.910791433
Cell1522	1544782.84689619
Cell1523	445138.842857643
Cell1524	312321.123748704
Cell1525	586485.719152152
Cell1526	285407.659212733
Cell1527	475259.910448306
Cell1528	268955.046152563
Cell1529	82274.7319598252
Cell1530	435213.344508189
Cell1531	243771.370168524
Cell1532	235011.426056986
Cell1533	330228.694964428
Cell1534	726659.171592851
Cell1535	392135.543269674
Cell1536	541018.182057221
Cell1537	477295.607501076
Cell1538	349813.799921992
Cell1539	489268.753594148
Cell1540	303707.483991492
Cell1541	157837.675098983
Cell1542	404375.369522191
Cell1543	86113.6126500376
Cell1544	184299.761351381
Cell1545	318133.819145146
Cell1546	299718.460379229
Cell1547	257214.309635568
Cell1548	589890.257238413
Cell1549	175463.167235645
Cell1550	70656.2857597346
Cell1551	521818.510960258
Cell1552	338363.335496727
Cell1553	309091.237815152
Cell1554	261667.50302444
Cell1555	121963.467117518
Cell1556	187973.597062205
Cell1557	444287.012675874
Cell1558	333163.446107524
Cell1559	142830.029832487
Cell1560	468687.87910934
Cell1561	523643.926632027
Cell1562	304367.209130482
Cell1563	326325.390438162
Cell1564	755731.403455635
Cell1565	415778.043240803
Cell1566	675996.64342951
Cell1567	320856.20443233
Cell1568	787708.697292448
Cell1569	315122.813692481
Cell1570	565778.417071956
Cell1571	268925.974237315
Cell1572	174701.062562517
Cell1573	594430.028824428
Cell1574	1274291.40584884
Cell1575	271937.067264764
Cell1576	782790.505255481
Cell1577	286570.113965552
Cell1578	567696.386322763
Cell1579	183976.2140316
Cell1580	387584.627169663
Cell1581	210117.877248005
Cell1582	148562.666493745
Cell1583	484651.153850035
Cell1584	850484.478094749
Cell1585	207064.794614052
Cell1586	195752.072244666
Cell1587	175163.574267437
Cell1588	251552.923621407
Cell1589	487693.549452084
Cell1590	501261.864070911
Cell1591	427732.01577668
Cell1592	515443.826288542
Cell1593	249966.852667958
Cell1594	297615.810033092
Cell1595	492429.018699978
Cell1596	279127.500941098
Cell1597	186988.62125064
Cell1598	146344.305282536
Cell1599	1614404.66760115
Cell1600	121053.27064067
Cell1601	335230.773726256
Cell1602	1029749.46523001
Cell1603	539657.033865938
Cell1604	295408.526773389
Cell1605	451121.895782295
Cell1606	943015.37619148
Cell1607	368433.396554347
Cell1608	235637.304709903
Cell1609	775006.904755645
Cell1610	990876.278236703
Cell1611	184479.45932785
Cell1612	503193.444153142
Cell1613	355579.247643898
Cell1614	498145.301798558
Cell1615	449362.986841497
Cell1616	325533.054609844
Cell1617	426548.544651328
Cell1618	161485.435968238
Cell1619	144054.509491076
Cell1620	503784.407770709
Cell1621	346621.278512927
Cell1622	304908.476092089
Cell1623	122752.586513912
Cell1624	235580.330562291
Cell1625	368993.224712909
Cell1626	247411.059001497
Cell1627	345652.39140337
Cell1628	413350.113888157
Cell1629	303853.229480348
Cell1630	423878.768999871
Cell1631	285532.815065752
Cell1632	273145.299242453
Cell1633	283681.477364182
Cell1634	480065.67548432
Cell1635	534453.978519873
Cell1636	1304272.4507043
Cell1637	184615.067820688
Cell1638	217191.35436013
Cell1639	481556.043159634
Cell1640	864639.068653584
Cell1641	678699.301599565
Cell1642	250139.505395438
Cell1643	220963.230346159
Cell1644	895081.369830995
Cell1645	817665.82014372
Cell1646	373877.662353718
Cell1647	897344.248952102
Cell1648	327944.159059497
Cell1649	203510.141761658
Cell1650	319812.07109035
Cell1651	345374.974165449
Cell1652	131471.591670282
Cell1653	297828.387410659
Cell1654	257480.290751477
Cell1655	440085.946761352
Cell1656	240951.799386556
Cell1657	437741.592544546
Cell1658	451909.727593489
Cell1659	279498.242336603
Cell1660	321153.092268057
Cell1661	1340128.79891756
Cell1662	820166.868260021
Cell1663	823425.471788304
Cell1664	340965.848615231
Cell1665	200903.960418295
Cell1666	461278.754687973
Cell1667	342563.765688373
Cell1668	2722495.80196503
Cell1669	105578.10774271
Cell1670	292381.065277978
Cell1671	789672.833061402
Cell1672	95707.1649751644
Cell1673	282756.766706289
Cell1674	401156.230246285
Cell1675	289500.764603189
Cell1676	190305.966967882
Cell1677	306597.442788991
Cell1678	724939.249426284
Cell1679	148893.928981096
Cell1680	758271.264058995
Cell1681	564546.693056334
Cell1682	159015.907390042
Cell1683	136106.374393909
Cell1684	336263.647672826
Cell1685	390024.756034056
Cell1686	662721.307689151
Cell1687	322282.271733834
Cell1688	422079.308481318
Cell1689	704195.075057053
Cell1690	656690.101280645
Cell1691	536039.48555607
Cell1692	398764.485921332
Cell1693	412390.142980717
Cell1694	669159.676073785
Cell1695	630723.768645907
Cell1696	317764.151413639
Cell1697	408434.570300998
Cell1698	893053.577836019
Cell1699	783949.253867614
Cell1700	185275.31045571
Cell1701	773323.435974196
Cell1702	313240.135726942
Cell1703	130376.47261473
Cell1704	705536.174881084
Cell1705	346301.295696817
Cell1706	582450.466470918
Cell1707	1032664.61708791
Cell1708	622479.911563279
Cell1709	267533.091605145
Cell1710	304315.200841379
Cell1711	184199.548647274
Cell1712	203054.139671704
Cell1713	439630.950982179
Cell1714	276232.074049666
Cell1715	485574.376707363
Cell1716	538037.670686413
Cell1717	408163.573437386
Cell1718	260525.993871021
Cell1719	136333.506670872
Cell1720	352509.288892633
Cell1721	178780.921650728
Cell1722	482075.40879262
Cell1723	519485.443342483
Cell1724	396912.282996534
Cell1725	178749.727363065
Cell1726	211175.627362157
Cell1727	246657.011947895
Cell1728	359344.127344305
Cell1729	1320526.84553975
Cell1730	191554.819248612
Cell1731	92474.1929958643
Cell1732	306929.993128665
Cell1733	200967.240966837
Cell1734	91628.6638194528
Cell1735	196858.57904267
Cell1736	264401.672649443
Cell1737	172127.186556207
Cell1738	502276.247835623
Cell1739	562419.328236845
Cell1740	272109.013936913
Cell1741	137652.524734106
Cell1742	467584.527706182
Cell1743	199125.230785941
Cell1744	202074.494474178
Cell1745	359742.557250071
Cell1746	185395.588421476
Cell1747	276980.517315517
Cell1748	209214.502532983
Cell1749	415152.697718951
Cell1750	200132.945976045
Cell1751	200433.341925929
Cell1752	186959.33613897
Cell1753	331642.610335231
Cell1754	674037.712762052
Cell1755	195176.047562235
Cell1756	374665.60920515
Cell1757	223860.683020704
Cell1758	173520.157218796
Cell1759	626622.133855603
Cell1760	235617.897703344
Cell1761	856096.073583964
Cell1762	219826.20459128
Cell1763	485214.595418304
Cell1764	633884.938737681
Cell1765	1162893.6660088
Cell1766	201949.028686349
Cell1767	344660.492892888
Cell1768	571835.431902583
Cell1769	245184.747253838
Cell1770	467772.51759634
Cell1771	255659.862870554
Cell1772	168998.190935822
Cell1773	88200.2798570977
Cell1774	446182.188777151
Cell1775	269381.297327677
Cell1776	906477.167906658
Cell1777	170695.279588711
Cell1778	247096.915224405
Cell1779	530147.534846826
Cell1780	282530.303378578
Cell1781	439250.139572155
Cell1782	731052.914166347
Cell1783	1187885.99562632
Cell1784	339617.87256498
Cell1785	201103.305316719
Cell1786	173919.368445439
Cell1787	238789.159526294
Cell1788	256284.376877464
Cell1789	161440.825943101
Cell1790	468583.264067854
Cell1791	762329.256175197
Cell1792	253762.088227129
Cell1793	178516.039867305
Cell1794	155568.163434006
Cell1795	518661.707338068
Cell1796	335666.708330043
Cell1797	107273.432825966
Cell1798	306323.933942461
Cell1799	329554.555863251
Cell1800	200431.167689369
Cell1801	160460.811728195
Cell1802	252318.013439209
Cell1803	217849.69138017
Cell1804	221465.0477573
Cell1805	84844.1746931464
Cell1806	301742.823047527
Cell1807	576185.822945393
Cell1808	651170.957033409
Cell1809	1118304.04931963
Cell1810	385227.173552861
Cell1811	177292.930291454
Cell1812	442961.513741038
Cell1813	629847.214158417
Cell1814	1001151.1779031
Cell1815	531373.601429152
Cell1816	759795.200201761
Cell1817	426779.500257184
Cell1818	155238.170859102
Cell1819	198364.369696455
Cell1820	1001434.93210654
Cell1821	498863.628466047
Cell1822	222335.647095525
Cell1823	217414.497287085
Cell1824	191549.198119814
Cell1825	359608.321269329
Cell1826	284365.657585255
Cell1827	189188.470380911
Cell1828	673739.988307504
Cell1829	333114.447851761
Cell1830	514911.005372374
Cell1831	263393.742518499
Cell1832	365261.069463235
Cell1833	605713.160486376
Cell1834	490597.324166303
Cell1835	573676.639988402
Cell1836	112332.575917163
Cell1837	365746.763686025
Cell1838	294286.177761335
Cell1839	224642.539685788
Cell1840	236805.018157431
Cell1841	884265.618829762
Cell1842	424613.928130873
Cell1843	302584.135551384
Cell1844	572914.871126884
Cell1845	238934.943872486
Cell1846	357575.485070945
Cell1847	772713.50123644
Cell1848	270857.864866504
Cell1849	205769.818367892
Cell1850	238541.7069144
Cell1851	177419.105394301
Cell1852	382372.114944803
Cell1853	399692.256866141
Cell1854	545461.888069232
Cell1855	952398.15234054
Cell1856	753997.263346838
Cell1857	157700.16195279
Cell1858	1069815.90388844
Cell1859	357665.681274685
Cell1860	262370.634465221
Cell1861	983109.493218641
Cell1862	424194.090082734
Cell1863	913399.030541504
Cell1864	321149.987711803
Cell1865	214189.062256293
Cell1866	103480.269015022
Cell1867	639953.28093015
Cell1868	195267.377684021
Cell1869	550526.013915101
Cell1870	353604.431710959
Cell1871	435225.474773775
Cell1872	694878.960882481
Cell1873	247557.808116346
Cell1874	251050.668342867
Cell1875	287440.963692795
Cell1876	615363.170130387
Cell1877	249098.360356811
Cell1878	297125.24266285
Cell1879	526720.76089985
Cell1880	521294.15754919
Cell1881	526869.124137006
Cell1882	339150.918021081
Cell1883	516363.384075335
Cell1884	389954.321349078
Cell1885	226954.897248583
Cell1886	953870.523017412
Cell1887	109950.644226614
Cell1888	542211.963631398
Cell1889	402956.265549638
Cell1890	333941.877701599
Cell1891	229836.252517862
Cell1892	282610.534298617
Cell1893	954593.350366891
Cell1894	311190.511634744
Cell1895	262708.174518092
Cell1896	196388.973527368
Cell1897	246065.706567742
Cell1898	313528.731312325
Cell1899	148072.484565837
Cell1900	645950.094256872
Cell1901	349037.465929877
Cell1902	781023.948782876
Cell1903	590531.704415658
Cell1904	758070.731937076
Cell1905	149988.527647213
Cell1906	463583.495326293
Cell1907	266239.494593731
Cell1908	320520.825751731
Cell1909	231456.227633284
Cell1910	374004.749179153
Cell1911	348175.836844392
Cell1912	94512.729227353
Cell1913	544425.178441951
Cell1914	360860.674688602
Cell1915	185864.114225081
Cell1916	172205.271020647
Cell1917	219404.894178135
Cell1918	129620.96985909
Cell1919	357347.149816121
Cell1920	798386.72076531
Cell1921	369140.295900398
Cell1922	449483.956153108
Cell1923	137521.188687826
Cell1924	133058.804583056
Cell1925	194309.375865697
Cell1926	503879.631773315
Cell1927	195679.914992395
Cell1928	457887.713481194
Cell1929	289654.312915234
Cell1930	413040.057965705
Cell1931	178643.688540447
Cell1932	188385.125404756
Cell1933	309880.359725375
Cell1934	291370.261058113
Cell1935	114868.852561116
Cell1936	452120.994172401
Cell1937	104476.753165556
Cell1938	257992.37352009
Cell1939	340367.479998094
Cell1940	217890.790410378
Cell1941	144103.816284621
Cell1942	260498.634389544
Cell1943	308739.526452741
Cell1944	191170.433809318
Cell1945	148114.279858989
Cell1946	163007.462577736
Cell1947	241341.140706697
Cell1948	252371.397761877
Cell1949	760351.049968085
Cell1950	154491.933402494
Cell1951	412438.376731551
Cell1952	257653.039662608
Cell1953	348017.921936587
Cell1954	222878.039410424
Cell1955	528742.452039558
Cell1956	120813.35376747
Cell1957	360761.304312559
Cell1958	334591.297152544
Cell1959	613737.481441012
Cell1960	288678.271881506
Cell1961	441464.654312994
Cell1962	416954.247374277
Cell1963	225077.821377116
Cell1964	313626.581504668
Cell1965	304548.692769236
Cell1966	637221.540562683
Cell1967	379356.249279579
Cell1968	391014.599403454
Cell1969	1310528.27148456
Cell1970	421067.648366206
Cell1971	407927.472901769
Cell1972	450684.520117394
Cell1973	820172.243512213
Cell1974	580546.589820904
Cell1975	402189.883846252
Cell1976	229896.78154042
Cell1977	406624.886691299
Cell1978	358135.900847702
Cell1979	111695.046138709
Cell1980	132915.409898742
Cell1981	114486.970954757
Cell1982	758127.967604309
Cell1983	474289.073988762
Cell1984	82506.212385892
Cell1985	433842.281487091
Cell1986	342116.8834863
Cell1987	283321.722484485
Cell1988	212500.360925922
Cell1989	156015.289003536
Cell1990	547701.564922539
Cell1991	234550.506568164
Cell1992	304791.687490533
Cell1993	465566.195204775
Cell1994	451566.225882622
Cell1995	261330.803849994
Cell1996	239623.870056595
Cell1997	383904.329812153
Cell1998	164582.77171208
Cell1999	394609.809664767
Cell2000	364945.434638382
Cell2001	381902.868027621
